%  GPST                      x-ecef(m)      y-ecef(m)      z-ecef(m)   Q  ns   sdx(m)   sdy(m)   sdz(m)  sdxy(m)  sdyz(m)  sdzx(m) age(s)  ratio
2025/03/21 00:00:28.000  -2267046.0438   5006692.7620   3225622.9993   6   6   3.0858   9.1249   4.1214  -4.1243   2.8324  -2.1907   0.00    0.0
2025/03/21 00:00:29.000  -2267046.0336   5006692.6415   3225623.0695   6   6   2.1864   6.4657   2.9231  -2.9233   2.0076  -1.5554   0.00    0.0
2025/03/21 00:00:30.000  -2267046.0505   5006692.4001   3225622.6879   6  12   1.4756   3.0329   1.9816  -1.4730   1.7387  -1.0652   0.00    0.0
2025/03/21 00:00:31.000  -2267046.0815   5006692.2993   3225622.5451   6  12   1.2185   2.3809   1.6064  -1.1598   1.4332  -0.8403   0.00    0.0
2025/03/21 00:00:32.000  -2267046.1041   5006692.2466   3225622.4713   6  12   1.0642   2.0363   1.3880  -0.9925   1.2472  -0.7147   0.00    0.0
2025/03/21 00:00:33.000  -2267046.1077   5006692.2015   3225622.3941   6  12   0.9578   1.8119   1.2404  -0.8837   1.1197  -0.6327   0.00    0.0
2025/03/21 00:00:34.000  -2267046.2002   5006692.2443   3225622.3207   6  17   0.8611   1.6121   1.0841  -0.7859   1.0008  -0.5504   0.00    0.0
2025/03/21 00:00:35.000  -2267046.1548   5006692.2784   3225622.3152   6  21   0.7713   1.4075   0.9657  -0.7175   0.8910  -0.5130   0.00    0.0
2025/03/21 00:00:36.000  -2267046.1571   5006692.2982   3225622.2942   6  21   0.7079   1.2689   0.8808  -0.6634   0.8138  -0.4796   0.00    0.0
2025/03/21 00:00:37.000  -2267046.1576   5006692.3112   3225622.2758   6  21   0.6586   1.1665   0.8156  -0.6206   0.7552  -0.4520   0.00    0.0
2025/03/21 00:00:38.000  -2267046.1453   5006692.2630   3225622.2272   6  21   0.6187   1.0868   0.7635  -0.5856   0.7086  -0.4288   0.00    0.0
2025/03/21 00:00:39.000  -2267046.1406   5006692.2616   3225622.2179   6  21   0.5855   1.0223   0.7206  -0.5563   0.6704  -0.4090   0.00    0.0
2025/03/21 00:00:40.000  -2267046.1295   5006692.2469   3225622.1959   6  21   0.5573   0.9688   0.6844  -0.5314   0.6382  -0.3920   0.00    0.0
2025/03/21 00:00:41.000  -2267046.1227   5006692.2229   3225622.1785   6  21   0.5329   0.9234   0.6532  -0.5099   0.6106  -0.3770   0.00    0.0
2025/03/21 00:00:42.000  -2267046.1141   5006692.2122   3225622.1756   6  21   0.5116   0.8843   0.6260  -0.4910   0.5866  -0.3638   0.00    0.0
2025/03/21 00:00:43.000  -2267046.1084   5006692.2073   3225622.1644   6  21   0.4928   0.8501   0.6021  -0.4743   0.5656  -0.3520   0.00    0.0
2025/03/21 00:00:44.000  -2267046.0981   5006692.2081   3225622.1465   6  21   0.4759   0.8198   0.5807  -0.4593   0.5468  -0.3414   0.00    0.0
2025/03/21 00:00:45.000  -2267046.0918   5006692.1962   3225622.1445   6  21   0.4608   0.7927   0.5614  -0.4458   0.5298  -0.3317   0.00    0.0
2025/03/21 00:00:46.000  -2267046.0726   5006692.1628   3225622.1265   6  21   0.4470   0.7683   0.5439  -0.4335   0.5145  -0.3228   0.00    0.0
2025/03/21 00:00:47.000  -2267046.0677   5006692.1529   3225622.1213   6  21   0.4344   0.7461   0.5279  -0.4222   0.5005  -0.3147   0.00    0.0
2025/03/21 00:00:48.000  -2267046.0525   5006692.1498   3225622.1084   6  21   0.4229   0.7258   0.5132  -0.4119   0.4876  -0.3072   0.00    0.0
2025/03/21 00:00:49.000  -2267046.0417   5006692.1257   3225622.0984   6  21   0.4122   0.7072   0.4996  -0.4023   0.4758  -0.3003   0.00    0.0
2025/03/21 00:00:50.000  -2267046.0293   5006692.1089   3225622.0813   6  21   0.4024   0.6899   0.4869  -0.3934   0.4647  -0.2937   0.00    0.0
2025/03/21 00:00:51.000  -2267046.0229   5006692.1057   3225622.0859   6  21   0.3932   0.6739   0.4751  -0.3850   0.4544  -0.2876   0.00    0.0
2025/03/21 00:00:52.000  -2267046.0189   5006692.1175   3225622.0900   6  21   0.3846   0.6590   0.4640  -0.3773   0.4447  -0.2818   0.00    0.0
2025/03/21 00:00:53.000  -2267046.0126   5006692.0944   3225622.0800   6  21   0.3765   0.6450   0.4536  -0.3699   0.4355  -0.2764   0.00    0.0
2025/03/21 00:00:54.000  -2267046.0029   5006692.0885   3225622.0614   6  21   0.3690   0.6318   0.4437  -0.3629   0.4270  -0.2712   0.00    0.0
2025/03/21 00:00:55.000  -2267045.9863   5006692.0621   3225622.0225   6  21   0.3618   0.6193   0.4344  -0.3563   0.4187  -0.2662   0.00    0.0
2025/03/21 00:00:56.000  -2267045.9725   5006692.0220   3225622.0180   6  21   0.3551   0.6075   0.4255  -0.3501   0.4109  -0.2616   0.00    0.0
2025/03/21 00:00:57.000  -2267045.9698   5006692.0035   3225622.0390   6  21   0.3486   0.5963   0.4171  -0.3441   0.4035  -0.2571   0.00    0.0
2025/03/21 00:00:58.000  -2267045.9673   5006692.0138   3225622.0585   6  21   0.3425   0.5857   0.4090  -0.3383   0.3964  -0.2527   0.00    0.0
2025/03/21 00:00:59.000  -2267045.9593   5006691.9948   3225622.0779   6  21   0.3367   0.5755   0.4013  -0.3329   0.3896  -0.2486   0.00    0.0
2025/03/21 00:01:00.000  -2267045.9561   5006691.9710   3225622.0982   6  21   0.3312   0.5657   0.3939  -0.3276   0.3830  -0.2445   0.00    0.0
2025/03/21 00:01:01.000  -2267045.9429   5006691.9475   3225622.0989   6  21   0.3258   0.5563   0.3866  -0.3224   0.3766  -0.2407   0.00    0.0
2025/03/21 00:01:02.000  -2267045.9344   5006691.9374   3225622.1095   6  21   0.3207   0.5473   0.3798  -0.3176   0.3705  -0.2369   0.00    0.0
2025/03/21 00:01:03.000  -2267045.9237   5006691.9026   3225622.1276   6  21   0.3159   0.5386   0.3731  -0.3128   0.3645  -0.2332   0.00    0.0
2025/03/21 00:01:04.000  -2267045.9079   5006691.8978   3225622.1263   6  21   0.3112   0.5301   0.3667  -0.3082   0.3588  -0.2298   0.00    0.0
2025/03/21 00:01:05.000  -2267045.8989   5006691.8906   3225622.1436   6  21   0.3066   0.5220   0.3604  -0.3037   0.3532  -0.2263   0.00    0.0
2025/03/21 00:01:06.000  -2267045.8876   5006691.8869   3225622.1631   6  21   0.3022   0.5142   0.3545  -0.2994   0.3478  -0.2230   0.00    0.0
2025/03/21 00:01:07.000  -2267045.8704   5006691.8709   3225622.1668   6  21   0.2980   0.5065   0.3486  -0.2951   0.3424  -0.2197   0.00    0.0
2025/03/21 00:01:08.000  -2267045.8498   5006691.8613   3225622.1641   6  21   0.2939   0.4991   0.3429  -0.2910   0.3373  -0.2165   0.00    0.0
2025/03/21 00:01:09.000  -2267045.8399   5006691.8601   3225622.1720   6  21   0.2899   0.4919   0.3373  -0.2870   0.3322  -0.2133   0.00    0.0
2025/03/21 00:01:10.000  -2267045.8165   5006691.8545   3225622.1726   6  21   0.2861   0.4849   0.3318  -0.2830   0.3272  -0.2101   0.00    0.0
2025/03/21 00:01:11.000  -2267045.8056   5006691.8435   3225622.1691   6  21   0.2824   0.4780   0.3266  -0.2792   0.3223  -0.2071   0.00    0.0
2025/03/21 00:01:12.000  -2267045.7974   5006691.8406   3225622.1743   6  21   0.2788   0.4713   0.3214  -0.2753   0.3176  -0.2042   0.00    0.0
2025/03/21 00:01:13.000  -2267045.7826   5006691.8488   3225622.1774   6  21   0.2752   0.4648   0.3164  -0.2717   0.3129  -0.2013   0.00    0.0
2025/03/21 00:01:14.000  -2267045.7693   5006691.8521   3225622.1806   6  21   0.2718   0.4585   0.3115  -0.2680   0.3084  -0.1985   0.00    0.0
2025/03/21 00:01:15.000  -2267045.7645   5006691.8727   3225622.1913   6  21   0.2686   0.4522   0.3067  -0.2645   0.3039  -0.1957   0.00    0.0
2025/03/21 00:01:16.000  -2267045.7553   5006691.8674   3225622.1829   6  21   0.2652   0.4461   0.3019  -0.2610   0.2995  -0.1929   0.00    0.0
2025/03/21 00:01:17.000  -2267045.7374   5006691.8622   3225622.1929   6  21   0.2621   0.4401   0.2973  -0.2576   0.2951  -0.1902   0.00    0.0
2025/03/21 00:01:18.000  -2267045.7230   5006691.8630   3225622.1869   6  21   0.2591   0.4342   0.2929  -0.2543   0.2910  -0.1876   0.00    0.0
2025/03/21 00:01:19.000  -2267045.7042   5006691.8501   3225622.1918   6  21   0.2561   0.4285   0.2885  -0.2510   0.2868  -0.1850   0.00    0.0
2025/03/21 00:01:20.000  -2267045.6926   5006691.8525   3225622.1721   6  21   0.2531   0.4228   0.2841  -0.2478   0.2826  -0.1825   0.00    0.0
2025/03/21 00:01:21.000  -2267045.6719   5006691.8312   3225622.1758   6  21   0.2503   0.4173   0.2800  -0.2446   0.2787  -0.1800   0.00    0.0
2025/03/21 00:01:22.000  -2267045.6832   5006691.8065   3225622.1884   6  21   0.2475   0.4119   0.2758  -0.2414   0.2747  -0.1774   0.00    0.0
2025/03/21 00:01:23.000  -2267045.6403   5006691.7687   3225622.2079   6  21   0.2447   0.4066   0.2717  -0.2384   0.2708  -0.1750   0.00    0.0
2025/03/21 00:01:24.000  -2267045.6451   5006691.7778   3225622.2263   6  21   0.2420   0.4014   0.2678  -0.2353   0.2670  -0.1726   0.00    0.0
2025/03/21 00:01:25.000  -2267045.6374   5006691.7654   3225622.2323   6  21   0.2395   0.3963   0.2638  -0.2325   0.2632  -0.1703   0.00    0.0
2025/03/21 00:01:26.000  -2267045.6246   5006691.7616   3225622.2461   6  21   0.2369   0.3913   0.2599  -0.2295   0.2595  -0.1679   0.00    0.0
2025/03/21 00:01:27.000  -2267045.6287   5006691.7791   3225622.2639   6  21   0.2343   0.3863   0.2561  -0.2266   0.2558  -0.1655   0.00    0.0
2025/03/21 00:01:28.000  -2267045.6244   5006691.7821   3225622.2871   6  21   0.2319   0.3815   0.2526  -0.2238   0.2523  -0.1634   0.00    0.0
2025/03/21 00:01:29.000  -2267045.6132   5006691.7909   3225622.3018   6  21   0.2294   0.3767   0.2489  -0.2210   0.2488  -0.1612   0.00    0.0
2025/03/21 00:01:30.000  -2267045.6141   5006691.8141   3225622.3273   6  21   0.2272   0.3721   0.2453  -0.2184   0.2453  -0.1590   0.00    0.0
2025/03/21 00:01:31.000  -2267045.6087   5006691.8179   3225622.3407   6  21   0.2249   0.3675   0.2419  -0.2157   0.2419  -0.1570   0.00    0.0
2025/03/21 00:01:32.000  -2267045.6051   5006691.8201   3225622.3587   6  21   0.2226   0.3629   0.2384  -0.2131   0.2386  -0.1549   0.00    0.0
2025/03/21 00:01:33.000  -2267045.5959   5006691.8211   3225622.3638   6  21   0.2204   0.3585   0.2351  -0.2105   0.2353  -0.1528   0.00    0.0
2025/03/21 00:01:34.000  -2267045.5924   5006691.8380   3225622.3842   6  21   0.2183   0.3541   0.2318  -0.2079   0.2321  -0.1507   0.00    0.0
2025/03/21 00:01:35.000  -2267045.5867   5006691.8338   3225622.3983   6  21   0.2161   0.3498   0.2285  -0.2054   0.2289  -0.1487   0.00    0.0
2025/03/21 00:01:36.000  -2267045.5794   5006691.8414   3225622.4136   6  21   0.2140   0.3456   0.2254  -0.2030   0.2258  -0.1468   0.00    0.0
2025/03/21 00:01:37.000  -2267045.5719   5006691.8386   3225622.4261   6  21   0.2120   0.3415   0.2223  -0.2006   0.2227  -0.1448   0.00    0.0
2025/03/21 00:01:38.000  -2267045.5651   5006691.8205   3225622.4285   6  21   0.2099   0.3375   0.2192  -0.1981   0.2198  -0.1431   0.00    0.0
2025/03/21 00:01:39.000  -2267045.5552   5006691.8192   3225622.4298   6  21   0.2081   0.3335   0.2163  -0.1958   0.2168  -0.1411   0.00    0.0
2025/03/21 00:01:40.000  -2267045.5491   5006691.8034   3225622.4285   6  21   0.2060   0.3295   0.2133  -0.1936   0.2139  -0.1393   0.00    0.0
2025/03/21 00:01:41.000  -2267045.5470   5006691.7998   3225622.4304   6  21   0.2041   0.3257   0.2104  -0.1913   0.2110  -0.1376   0.00    0.0
2025/03/21 00:01:42.000  -2267045.5440   5006691.8057   3225622.4374   6  21   0.2023   0.3218   0.2075  -0.1891   0.2082  -0.1357   0.00    0.0
2025/03/21 00:01:43.000  -2267045.5278   5006691.7748   3225622.4185   6  21   0.2005   0.3182   0.2048  -0.1869   0.2054  -0.1341   0.00    0.0
2025/03/21 00:01:44.000  -2267045.5205   5006691.7570   3225622.4197   6  21   0.1986   0.3145   0.2020  -0.1849   0.2027  -0.1324   0.00    0.0
2025/03/21 00:01:45.000  -2267045.5178   5006691.7640   3225622.4175   6  21   0.1969   0.3109   0.1994  -0.1827   0.2001  -0.1306   0.00    0.0
2025/03/21 00:01:46.000  -2267045.5107   5006691.7541   3225622.4025   6  21   0.1951   0.3072   0.1967  -0.1805   0.1975  -0.1291   0.00    0.0
2025/03/21 00:01:47.000  -2267045.5078   5006691.7375   3225622.3955   6  21   0.1935   0.3038   0.1942  -0.1786   0.1949  -0.1274   0.00    0.0
2025/03/21 00:01:48.000  -2267045.5004   5006691.7333   3225622.3845   6  21   0.1918   0.3003   0.1917  -0.1765   0.1924  -0.1260   0.00    0.0
2025/03/21 00:01:49.000  -2267045.4909   5006691.6993   3225622.3685   6  21   0.1902   0.2971   0.1892  -0.1746   0.1899  -0.1243   0.00    0.0
2025/03/21 00:01:50.000  -2267045.4839   5006691.7000   3225622.3780   6  21   0.1885   0.2937   0.1867  -0.1726   0.1875  -0.1227   0.00    0.0
2025/03/21 00:01:51.000  -2267045.4973   5006691.7001   3225622.3696   6  21   0.1869   0.2904   0.1844  -0.1707   0.1851  -0.1213   0.00    0.0
2025/03/21 00:01:52.000  -2267045.4909   5006691.6796   3225622.3559   6  21   0.1853   0.2872   0.1821  -0.1688   0.1828  -0.1198   0.00    0.0
2025/03/21 00:01:53.000  -2267045.4826   5006691.6634   3225622.3566   6  21   0.1839   0.2841   0.1796  -0.1669   0.1805  -0.1184   0.00    0.0
2025/03/21 00:01:54.000  -2267045.4846   5006691.6644   3225622.3535   6  21   0.1822   0.2810   0.1775  -0.1651   0.1782  -0.1169   0.00    0.0
2025/03/21 00:01:55.000  -2267045.4718   5006691.6304   3225622.3313   6  21   0.1807   0.2779   0.1751  -0.1633   0.1759  -0.1155   0.00    0.0
2025/03/21 00:01:56.000  -2267045.4556   5006691.6322   3225622.3364   6  21   0.1794   0.2748   0.1729  -0.1615   0.1736  -0.1142   0.00    0.0
2025/03/21 00:01:57.000  -2267045.4716   5006691.6384   3225622.3359   6  21   0.1778   0.2719   0.1708  -0.1598   0.1716  -0.1128   0.00    0.0
2025/03/21 00:01:58.000  -2267045.4701   5006691.6243   3225622.3164   6  21   0.1764   0.2691   0.1687  -0.1582   0.1695  -0.1114   0.00    0.0
2025/03/21 00:01:59.000  -2267045.4662   5006691.6183   3225622.3090   6  21   0.1750   0.2661   0.1667  -0.1566   0.1674  -0.1102   0.00    0.0
2025/03/21 00:02:00.000  -2267045.4621   5006691.5951   3225622.2911   6  21   0.1737   0.2633   0.1646  -0.1548   0.1654  -0.1089   0.00    0.0
2025/03/21 00:02:01.000  -2267045.4586   5006691.5871   3225622.2825   6  21   0.1723   0.2606   0.1626  -0.1532   0.1634  -0.1076   0.00    0.0
2025/03/21 00:02:02.000  -2267045.4404   5006691.5876   3225622.2687   6  21   0.1710   0.2578   0.1606  -0.1516   0.1614  -0.1064   0.00    0.0
2025/03/21 00:02:03.000  -2267045.4448   5006691.5730   3225622.2481   6  21   0.1696   0.2551   0.1587  -0.1501   0.1595  -0.1051   0.00    0.0
2025/03/21 00:02:04.000  -2267045.4416   5006691.5600   3225622.2337   6  21   0.1683   0.2524   0.1568  -0.1485   0.1576  -0.1040   0.00    0.0
2025/03/21 00:02:05.000  -2267045.4403   5006691.5464   3225622.2210   6  21   0.1670   0.2499   0.1549  -0.1470   0.1559  -0.1029   0.00    0.0
2025/03/21 00:02:06.000  -2267045.4362   5006691.5440   3225622.2089   6  21   0.1658   0.2474   0.1530  -0.1455   0.1537  -0.1015   0.00    0.0
2025/03/21 00:02:07.000  -2267045.4402   5006691.5250   3225622.1978   6  21   0.1646   0.2448   0.1515  -0.1440   0.1522  -0.1005   0.00    0.0
2025/03/21 00:02:08.000  -2267045.4355   5006691.5342   3225622.1833   6  21   0.1634   0.2423   0.1494  -0.1425   0.1502  -0.0993   0.00    0.0
2025/03/21 00:02:09.000  -2267045.4374   5006691.5261   3225622.1713   6  21   0.1621   0.2400   0.1479  -0.1412   0.1487  -0.0983   0.00    0.0
2025/03/21 00:02:10.000  -2267045.4408   5006691.5280   3225622.1710   6  21   0.1610   0.2376   0.1462  -0.1398   0.1470  -0.0974   0.00    0.0
2025/03/21 00:02:11.000  -2267045.4406   5006691.5312   3225622.1611   6  21   0.1599   0.2352   0.1445  -0.1383   0.1453  -0.0963   0.00    0.0
2025/03/21 00:02:12.000  -2267045.4370   5006691.5288   3225622.1547   6  21   0.1586   0.2328   0.1428  -0.1370   0.1436  -0.0951   0.00    0.0
2025/03/21 00:02:13.000  -2267045.4232   5006691.5106   3225622.1481   6  21   0.1574   0.2305   0.1413  -0.1358   0.1420  -0.0942   0.00    0.0
2025/03/21 00:02:14.000  -2267045.4152   5006691.5004   3225622.1339   6  20   0.1564   0.2286   0.1398  -0.1346   0.1407  -0.0933   0.00    0.0
2025/03/21 00:02:15.000  -2267045.4086   5006691.4888   3225622.1251   6  20   0.1555   0.2269   0.1387  -0.1336   0.1396  -0.0927   0.00    0.0
2025/03/21 00:02:16.000  -2267045.3952   5006691.4723   3225622.1087   6  20   0.1545   0.2250   0.1373  -0.1327   0.1384  -0.0919   0.00    0.0
2025/03/21 00:02:17.000  -2267045.3869   5006691.4610   3225622.1032   6  20   0.1536   0.2233   0.1360  -0.1318   0.1374  -0.0912   0.00    0.0
2025/03/21 00:02:18.000  -2267045.3847   5006691.4460   3225622.0970   6  20   0.1527   0.2216   0.1350  -0.1308   0.1364  -0.0908   0.00    0.0
2025/03/21 00:02:19.000  -2267045.3757   5006691.4351   3225622.0842   6  20   0.1518   0.2198   0.1338  -0.1299   0.1352  -0.0901   0.00    0.0
2025/03/21 00:02:20.000  -2267045.3795   5006691.4357   3225622.0765   6  20   0.1508   0.2182   0.1325  -0.1290   0.1343  -0.0894   0.00    0.0
2025/03/21 00:02:21.000  -2267045.3720   5006691.4258   3225622.0670   6  20   0.1499   0.2164   0.1314  -0.1280   0.1333  -0.0889   0.00    0.0
2025/03/21 00:02:22.000  -2267045.3732   5006691.4212   3225622.0570   6  20   0.1490   0.2150   0.1305  -0.1273   0.1323  -0.0883   0.00    0.0
2025/03/21 00:02:23.000  -2267045.3691   5006691.4204   3225622.0576   6  20   0.1481   0.2133   0.1293  -0.1264   0.1313  -0.0878   0.00    0.0
2025/03/21 00:02:24.000  -2267045.3749   5006691.4200   3225622.0530   6  20   0.1473   0.2117   0.1282  -0.1255   0.1305  -0.0872   0.00    0.0
2025/03/21 00:02:25.000  -2267045.3688   5006691.4007   3225622.0475   6  20   0.1464   0.2101   0.1269  -0.1247   0.1293  -0.0864   0.00    0.0
2025/03/21 00:02:26.000  -2267045.3650   5006691.3931   3225622.0434   6  20   0.1455   0.2087   0.1260  -0.1239   0.1285  -0.0860   0.00    0.0
2025/03/21 00:02:27.000  -2267045.3652   5006691.3922   3225622.0446   6  20   0.1447   0.2070   0.1249  -0.1231   0.1274  -0.0854   0.00    0.0
2025/03/21 00:02:28.000  -2267045.3614   5006691.3887   3225622.0491   6  20   0.1439   0.2053   0.1238  -0.1222   0.1266  -0.0849   0.00    0.0
2025/03/21 00:02:29.000  -2267045.3623   5006691.3815   3225622.0465   6  20   0.1430   0.2039   0.1228  -0.1213   0.1256  -0.0843   0.00    0.0
2025/03/21 00:02:30.000  -2267045.3557   5006691.3831   3225622.0469   6  20   0.1422   0.2024   0.1219  -0.1205   0.1248  -0.0838   0.00    0.0
2025/03/21 00:02:31.000  -2267045.3619   5006691.4027   3225622.0508   6  20   0.1414   0.2010   0.1208  -0.1198   0.1239  -0.0831   0.00    0.0
2025/03/21 00:02:32.000  -2267045.3721   5006691.4304   3225622.0540   6  20   0.1406   0.1996   0.1200  -0.1190   0.1230  -0.0827   0.00    0.0
2025/03/21 00:02:33.000  -2267045.3696   5006691.4523   3225622.0561   6  20   0.1398   0.1982   0.1189  -0.1183   0.1221  -0.0822   0.00    0.0
2025/03/21 00:02:34.000  -2267045.3750   5006691.4817   3225622.0619   6  20   0.1391   0.1968   0.1183  -0.1176   0.1214  -0.0817   0.00    0.0
2025/03/21 00:02:35.000  -2267045.3810   5006691.5027   3225622.0678   6  20   0.1383   0.1955   0.1171  -0.1168   0.1205  -0.0811   0.00    0.0
2025/03/21 00:02:36.000  -2267045.3855   5006691.5404   3225622.0780   6  20   0.1375   0.1941   0.1160  -0.1161   0.1196  -0.0807   0.00    0.0
2025/03/21 00:02:37.000  -2267045.3969   5006691.5873   3225622.0902   6  20   0.1368   0.1925   0.1153  -0.1153   0.1188  -0.0802   0.00    0.0
2025/03/21 00:02:38.000  -2267045.4105   5006691.6302   3225622.1015   6  20   0.1360   0.1913   0.1143  -0.1146   0.1179  -0.0794   0.00    0.0
2025/03/21 00:02:39.000  -2267045.4177   5006691.6708   3225622.1133   6  20   0.1351   0.1900   0.1134  -0.1138   0.1173  -0.0791   0.00    0.0
2025/03/21 00:02:40.000  -2267045.4319   5006691.7375   3225622.1302   6  20   0.1345   0.1887   0.1126  -0.1132   0.1165  -0.0788   0.00    0.0
2025/03/21 00:02:41.000  -2267045.4412   5006691.7876   3225622.1425   6  20   0.1337   0.1874   0.1118  -0.1124   0.1157  -0.0783   0.00    0.0
2025/03/21 00:02:42.000  -2267045.4552   5006691.8443   3225622.1582   6  20   0.1330   0.1862   0.1108  -0.1119   0.1149  -0.0777   0.00    0.0
2025/03/21 00:02:43.000  -2267045.4621   5006691.8976   3225622.1727   6  20   0.1322   0.1846   0.1101  -0.1110   0.1140  -0.0773   0.00    0.0
2025/03/21 00:02:44.000  -2267045.4773   5006691.9452   3225622.2009   6  20   0.1316   0.1836   0.1092  -0.1104   0.1133  -0.0769   0.00    0.0
2025/03/21 00:02:45.000  -2267045.4918   5006691.9944   3225622.2053   6  20   0.1308   0.1823   0.1084  -0.1098   0.1125  -0.0765   0.00    0.0
2025/03/21 00:02:46.000  -2267045.5039   5006692.0384   3225622.2176   6  20   0.1302   0.1810   0.1075  -0.1091   0.1118  -0.0759   0.00    0.0
2025/03/21 00:02:47.000  -2267045.5135   5006692.0829   3225622.2258   6  20   0.1296   0.1796   0.1069  -0.1085   0.1110  -0.0756   0.00    0.0
2025/03/21 00:02:48.000  -2267045.5289   5006692.1241   3225622.2396   6  20   0.1288   0.1785   0.1059  -0.1077   0.1104  -0.0751   0.00    0.0
2025/03/21 00:02:49.000  -2267045.5390   5006692.1727   3225622.2456   6  20   0.1281   0.1774   0.1052  -0.1072   0.1096  -0.0746   0.00    0.0
2025/03/21 00:02:50.000  -2267045.5492   5006692.1994   3225622.2650   6  20   0.1273   0.1760   0.1043  -0.1064   0.1088  -0.0740   0.00    0.0
2025/03/21 00:02:51.000  -2267045.5491   5006692.2109   3225622.2646   6  20   0.1268   0.1751   0.1036  -0.1057   0.1083  -0.0736   0.00    0.0
2025/03/21 00:02:52.000  -2267045.5577   5006692.2455   3225622.2684   6  20   0.1261   0.1737   0.1029  -0.1052   0.1073  -0.0733   0.00    0.0
2025/03/21 00:02:53.000  -2267045.5622   5006692.2658   3225622.2692   6  20   0.1255   0.1726   0.1021  -0.1046   0.1067  -0.0728   0.00    0.0
2025/03/21 00:02:54.000  -2267045.5650   5006692.2861   3225622.2748   6  20   0.1249   0.1716   0.1013  -0.1039   0.1062  -0.0727   0.00    0.0
2025/03/21 00:02:55.000  -2267045.5654   5006692.3008   3225622.2698   6  20   0.1243   0.1704   0.1007  -0.1032   0.1052  -0.0720   0.00    0.0
2025/03/21 00:02:56.000  -2267045.5750   5006692.3150   3225622.2788   6  20   0.1236   0.1692   0.0999  -0.1028   0.1045  -0.0714   0.00    0.0
2025/03/21 00:02:57.000  -2267045.5790   5006692.3197   3225622.2819   6  20   0.1229   0.1682   0.0991  -0.1019   0.1040  -0.0711   0.00    0.0
2025/03/21 00:02:58.000  -2267045.5747   5006692.3151   3225622.2745   6  20   0.1223   0.1672   0.0984  -0.1017   0.1034  -0.0708   0.00    0.0
2025/03/21 00:02:59.000  -2267045.5805   5006692.3268   3225622.2738   6  20   0.1216   0.1659   0.0978  -0.1010   0.1028  -0.0706   0.00    0.0
2025/03/21 00:03:00.000  -2267045.5677   5006692.3165   3225622.2659   6  20   0.1210   0.1648   0.0972  -0.1004   0.1020  -0.0697   0.00    0.0
2025/03/21 00:03:01.000  -2267045.5614   5006692.3074   3225622.2625   6  20   0.1205   0.1638   0.0964  -0.0997   0.1012  -0.0695   0.00    0.0
2025/03/21 00:03:02.000  -2267045.5551   5006692.2945   3225622.2650   6  20   0.1200   0.1627   0.0956  -0.0992   0.1007  -0.0691   0.00    0.0
2025/03/21 00:03:03.000  -2267045.5517   5006692.2852   3225622.2587   6  20   0.1192   0.1617   0.0952  -0.0986   0.1000  -0.0687   0.00    0.0
2025/03/21 00:03:04.000  -2267045.5511   5006692.2846   3225622.2621   6  20   0.1187   0.1608   0.0944  -0.0981   0.0995  -0.0684   0.00    0.0
2025/03/21 00:03:05.000  -2267045.5483   5006692.2729   3225622.2529   6  20   0.1181   0.1596   0.0938  -0.0975   0.0990  -0.0681   0.00    0.0
2025/03/21 00:03:06.000  -2267045.5447   5006692.2605   3225622.2496   6  20   0.1174   0.1587   0.0930  -0.0969   0.0982  -0.0676   0.00    0.0
2025/03/21 00:03:07.000  -2267045.5456   5006692.2632   3225622.2503   6  20   0.1168   0.1576   0.0924  -0.0962   0.0975  -0.0669   0.00    0.0
2025/03/21 00:03:08.000  -2267045.5390   5006692.2562   3225622.2460   6  20   0.1163   0.1568   0.0920  -0.0958   0.0973  -0.0669   0.00    0.0
2025/03/21 00:03:09.000  -2267045.5301   5006692.2497   3225622.2435   6  20   0.1157   0.1557   0.0911  -0.0952   0.0964  -0.0665   0.00    0.0
2025/03/21 00:03:10.000  -2267045.5247   5006692.2391   3225622.2371   6  20   0.1151   0.1547   0.0906  -0.0947   0.0959  -0.0662   0.00    0.0
2025/03/21 00:03:11.000  -2267045.5237   5006692.2487   3225622.2394   6  20   0.1145   0.1538   0.0901  -0.0942   0.0955  -0.0658   0.00    0.0
2025/03/21 00:03:12.000  -2267045.5191   5006692.2383   3225622.2334   6  20   0.1141   0.1527   0.0893  -0.0936   0.0947  -0.0654   0.00    0.0
2025/03/21 00:03:13.000  -2267045.5142   5006692.2296   3225622.2287   6  20   0.1135   0.1518   0.0888  -0.0931   0.0941  -0.0649   0.00    0.0
2025/03/21 00:03:14.000  -2267045.5129   5006692.2206   3225622.2159   6  20   0.1130   0.1510   0.0882  -0.0928   0.0935  -0.0647   0.00    0.0
2025/03/21 00:03:15.000  -2267045.5136   5006692.2226   3225622.2109   6  20   0.1125   0.1500   0.0877  -0.0920   0.0931  -0.0645   0.00    0.0
2025/03/21 00:03:16.000  -2267045.5060   5006692.2086   3225622.2015   6  20   0.1119   0.1488   0.0871  -0.0916   0.0924  -0.0640   0.00    0.0
2025/03/21 00:03:17.000  -2267045.5054   5006692.1991   3225622.1942   6  20   0.1113   0.1481   0.0864  -0.0911   0.0918  -0.0636   0.00    0.0
2025/03/21 00:03:18.000  -2267045.5030   5006692.1992   3225622.1932   6  20   0.1108   0.1472   0.0859  -0.0904   0.0914  -0.0632   0.00    0.0
2025/03/21 00:03:19.000  -2267045.5029   5006692.1884   3225622.1931   6  20   0.1102   0.1464   0.0855  -0.0902   0.0907  -0.0630   0.00    0.0
2025/03/21 00:03:20.000  -2267045.5042   5006692.1756   3225622.1874   6  20   0.1098   0.1453   0.0847  -0.0896   0.0903  -0.0625   0.00    0.0
2025/03/21 00:03:21.000  -2267045.4971   5006692.1604   3225622.1777   6  20   0.1093   0.1444   0.0841  -0.0891   0.0897  -0.0625   0.00    0.0
2025/03/21 00:03:22.000  -2267045.4964   5006692.1539   3225622.1713   6  20   0.1088   0.1436   0.0837  -0.0888   0.0891  -0.0618   0.00    0.0
2025/03/21 00:03:23.000  -2267045.4876   5006692.1339   3225622.1615   6  20   0.1081   0.1426   0.0829  -0.0881   0.0884  -0.0616   0.00    0.0
2025/03/21 00:03:24.000  -2267045.4874   5006692.1365   3225622.1579   6  20   0.1076   0.1419   0.0825  -0.0876   0.0880  -0.0612   0.00    0.0
2025/03/21 00:03:25.000  -2267045.4899   5006692.1290   3225622.1649   6  20   0.1071   0.1409   0.0821  -0.0872   0.0876  -0.0611   0.00    0.0
2025/03/21 00:03:26.000  -2267045.4877   5006692.1033   3225622.1525   6  20   0.1067   0.1403   0.0817  -0.0867   0.0873  -0.0607   0.00    0.0
2025/03/21 00:03:27.000  -2267045.4842   5006692.0956   3225622.1517   6  20   0.1060   0.1395   0.0809  -0.0862   0.0864  -0.0602   0.00    0.0
2025/03/21 00:03:28.000  -2267045.4824   5006692.0823   3225622.1447   6  20   0.1055   0.1383   0.0805  -0.0858   0.0860  -0.0603   0.00    0.0
2025/03/21 00:03:29.000  -2267045.4802   5006692.0597   3225622.1366   6  20   0.1053   0.1376   0.0802  -0.0853   0.0855  -0.0597   0.00    0.0
2025/03/21 00:03:30.000  -2267045.4853   5006692.0477   3225622.1310   6  20   0.1047   0.1367   0.0793  -0.0849   0.0848  -0.0591   0.00    0.0
2025/03/21 00:03:31.000  -2267045.4817   5006692.0339   3225622.1279   6  20   0.1040   0.1359   0.0792  -0.0843   0.0846  -0.0592   0.00    0.0
2025/03/21 00:03:32.000  -2267045.4793   5006692.0189   3225622.1209   6  20   0.1036   0.1352   0.0784  -0.0838   0.0842  -0.0587   0.00    0.0
2025/03/21 00:03:33.000  -2267045.4780   5006691.9901   3225622.1122   6  20   0.1032   0.1344   0.0780  -0.0834   0.0836  -0.0585   0.00    0.0
2025/03/21 00:03:34.000  -2267045.4778   5006691.9798   3225622.1056   6  20   0.1028   0.1337   0.0773  -0.0830   0.0829  -0.0580   0.00    0.0
2025/03/21 00:03:35.000  -2267045.4709   5006691.9547   3225622.0915   6  20   0.1022   0.1329   0.0770  -0.0825   0.0827  -0.0577   0.00    0.0
2025/03/21 00:03:36.000  -2267045.4719   5006691.9363   3225622.0873   6  20   0.1018   0.1321   0.0766  -0.0821   0.0823  -0.0577   0.00    0.0
2025/03/21 00:03:37.000  -2267045.4670   5006691.9188   3225622.0806   6  20   0.1013   0.1313   0.0761  -0.0816   0.0816  -0.0573   0.00    0.0
2025/03/21 00:03:38.000  -2267045.4618   5006691.8962   3225622.0678   6  20   0.1009   0.1306   0.0755  -0.0814   0.0810  -0.0569   0.00    0.0
2025/03/21 00:03:39.000  -2267045.4535   5006691.8772   3225622.0609   6  20   0.1003   0.1298   0.0752  -0.0809   0.0807  -0.0566   0.00    0.0
2025/03/21 00:03:40.000  -2267045.4554   5006691.8596   3225622.0482   6  20   0.0999   0.1291   0.0748  -0.0803   0.0805  -0.0562   0.00    0.0
2025/03/21 00:03:41.000  -2267045.4464   5006691.8445   3225622.0363   6  20   0.0995   0.1283   0.0741  -0.0800   0.0798  -0.0563   0.00    0.0
2025/03/21 00:03:42.000  -2267045.4398   5006691.8097   3225622.0234   6  20   0.0990   0.1275   0.0737  -0.0795   0.0793  -0.0556   0.00    0.0
2025/03/21 00:03:43.000  -2267045.4351   5006691.7867   3225622.0155   6  20   0.0986   0.1270   0.0736  -0.0793   0.0789  -0.0554   0.00    0.0
2025/03/21 00:03:44.000  -2267045.4317   5006691.7811   3225622.0075   6  20   0.0982   0.1261   0.0731  -0.0787   0.0786  -0.0552   0.00    0.0
2025/03/21 00:03:45.000  -2267045.4284   5006691.7649   3225622.0019   6  20   0.0977   0.1254   0.0726  -0.0785   0.0782  -0.0552   0.00    0.0
2025/03/21 00:03:46.000  -2267045.4312   5006691.7552   3225622.0025   6  20   0.0972   0.1247   0.0722  -0.0780   0.0775  -0.0548   0.00    0.0
2025/03/21 00:03:47.000  -2267045.4183   5006691.7303   3225621.9906   6  20   0.0967   0.1238   0.0717  -0.0775   0.0770  -0.0543   0.00    0.0
2025/03/21 00:03:48.000  -2267045.4134   5006691.7158   3225621.9793   6  20   0.0963   0.1231   0.0713  -0.0772   0.0767  -0.0542   0.00    0.0
2025/03/21 00:03:49.000  -2267045.4035   5006691.6965   3225621.9743   6  20   0.0958   0.1225   0.0708  -0.0769   0.0763  -0.0539   0.00    0.0
2025/03/21 00:03:50.000  -2267045.4010   5006691.6793   3225621.9620   6  20   0.0956   0.1219   0.0705  -0.0764   0.0759  -0.0536   0.00    0.0
2025/03/21 00:03:51.000  -2267045.3867   5006691.6603   3225621.9483   6  20   0.0951   0.1210   0.0700  -0.0758   0.0753  -0.0534   0.00    0.0
2025/03/21 00:03:52.000  -2267045.3853   5006691.6583   3225621.9506   6  20   0.0947   0.1206   0.0695  -0.0756   0.0751  -0.0529   0.00    0.0
2025/03/21 00:03:53.000  -2267045.3746   5006691.6425   3225621.9385   6  20   0.0942   0.1199   0.0693  -0.0752   0.0747  -0.0528   0.00    0.0
2025/03/21 00:03:54.000  -2267045.3696   5006691.6382   3225621.9348   6  20   0.0937   0.1191   0.0688  -0.0749   0.0743  -0.0523   0.00    0.0
2025/03/21 00:03:55.000  -2267045.3673   5006691.6330   3225621.9310   6  20   0.0936   0.1186   0.0684  -0.0743   0.0740  -0.0523   0.00    0.0
2025/03/21 00:03:56.000  -2267045.3663   5006691.6234   3225621.9215   6  20   0.0930   0.1179   0.0679  -0.0739   0.0734  -0.0517   0.00    0.0
2025/03/21 00:03:57.000  -2267045.3609   5006691.6166   3225621.9209   6  20   0.0924   0.1172   0.0678  -0.0736   0.0731  -0.0518   0.00    0.0
2025/03/21 00:03:58.000  -2267045.3586   5006691.6142   3225621.9146   6  20   0.0922   0.1165   0.0672  -0.0732   0.0725  -0.0515   0.00    0.0
2025/03/21 00:03:59.000  -2267045.3598   5006691.6125   3225621.9123   6  20   0.0919   0.1159   0.0667  -0.0729   0.0723  -0.0514   0.00    0.0
2025/03/21 00:04:00.000  -2267045.3580   5006691.6182   3225621.9094   6  20   0.0914   0.1154   0.0667  -0.0726   0.0719  -0.0510   0.00    0.0
2025/03/21 00:04:01.000  -2267045.3592   5006691.6214   3225621.9045   6  20   0.0909   0.1147   0.0659  -0.0722   0.0715  -0.0506   0.00    0.0
2025/03/21 00:04:02.000  -2267045.3603   5006691.6170   3225621.8993   6  20   0.0906   0.1139   0.0658  -0.0718   0.0709  -0.0503   0.00    0.0
2025/03/21 00:04:03.000  -2267045.3536   5006691.6064   3225621.8960   6  20   0.0902   0.1136   0.0654  -0.0714   0.0706  -0.0501   0.00    0.0
2025/03/21 00:04:04.000  -2267045.3571   5006691.6061   3225621.8955   6  20   0.0899   0.1125   0.0647  -0.0711   0.0700  -0.0497   0.00    0.0
2025/03/21 00:04:05.000  -2267045.3553   5006691.6055   3225621.8879   6  20   0.0892   0.1124   0.0647  -0.0707   0.0700  -0.0497   0.00    0.0
2025/03/21 00:04:06.000  -2267045.3565   5006691.5972   3225621.8883   6  20   0.0891   0.1118   0.0643  -0.0705   0.0696  -0.0493   0.00    0.0
2025/03/21 00:04:07.000  -2267045.3585   5006691.5936   3225621.8804   6  20   0.0886   0.1112   0.0638  -0.0698   0.0695  -0.0488   0.00    0.0
2025/03/21 00:04:08.000  -2267045.3557   5006691.5751   3225621.8750   6  20   0.0884   0.1102   0.0633  -0.0698   0.0687  -0.0488   0.00    0.0
2025/03/21 00:04:09.000  -2267045.3508   5006691.5661   3225621.8694   6  20   0.0880   0.1098   0.0631  -0.0693   0.0683  -0.0485   0.00    0.0
2025/03/21 00:04:10.000  -2267045.3566   5006691.5607   3225621.8706   6  20   0.0876   0.1092   0.0631  -0.0690   0.0679  -0.0482   0.00    0.0
2025/03/21 00:04:11.000  -2267045.3528   5006691.5508   3225621.8622   6  20   0.0871   0.1088   0.0625  -0.0689   0.0680  -0.0485   0.00    0.0
2025/03/21 00:04:12.000  -2267045.3526   5006691.5416   3225621.8586   6  20   0.0867   0.1082   0.0623  -0.0684   0.0675  -0.0484   0.00    0.0
2025/03/21 00:04:13.000  -2267045.3529   5006691.5322   3225621.8550   6  20   0.0864   0.1074   0.0618  -0.0680   0.0671  -0.0480   0.00    0.0
2025/03/21 00:04:14.000  -2267045.3540   5006691.5250   3225621.8523   6  20   0.0862   0.1070   0.0613  -0.0678   0.0667  -0.0474   0.00    0.0
2025/03/21 00:04:15.000  -2267045.3489   5006691.5127   3225621.8521   6  20   0.0857   0.1064   0.0612  -0.0674   0.0663  -0.0471   0.00    0.0
2025/03/21 00:04:16.000  -2267045.3433   5006691.5053   3225621.8525   6  20   0.0854   0.1059   0.0609  -0.0671   0.0662  -0.0472   0.00    0.0
2025/03/21 00:04:17.000  -2267045.3441   5006691.4961   3225621.8518   6  20   0.0851   0.1051   0.0604  -0.0668   0.0657  -0.0468   0.00    0.0
2025/03/21 00:04:18.000  -2267045.3442   5006691.4845   3225621.8543   6  20   0.0846   0.1047   0.0600  -0.0666   0.0653  -0.0465   0.00    0.0
2025/03/21 00:04:19.000  -2267045.3416   5006691.4731   3225621.8498   6  20   0.0842   0.1041   0.0598  -0.0662   0.0649  -0.0464   0.00    0.0
2025/03/21 00:04:20.000  -2267045.3394   5006691.4608   3225621.8408   6  20   0.0839   0.1036   0.0594  -0.0658   0.0648  -0.0463   0.00    0.0
2025/03/21 00:04:21.000  -2267045.3493   5006691.4688   3225621.8498   6  20   0.0833   0.1032   0.0593  -0.0653   0.0644  -0.0463   0.00    0.0
2025/03/21 00:04:22.000  -2267045.3500   5006691.4790   3225621.8546   6  20   0.0833   0.1028   0.0592  -0.0651   0.0643  -0.0458   0.00    0.0
2025/03/21 00:04:23.000  -2267045.3469   5006691.4570   3225621.8506   6  20   0.0827   0.1020   0.0584  -0.0645   0.0636  -0.0455   0.00    0.0
2025/03/21 00:04:24.000  -2267045.3524   5006691.4571   3225621.8525   6  20   0.0826   0.1014   0.0582  -0.0646   0.0635  -0.0455   0.00    0.0
2025/03/21 00:04:25.000  -2267045.3485   5006691.4390   3225621.8433   6  20   0.0821   0.1011   0.0580  -0.0641   0.0631  -0.0451   0.00    0.0
2025/03/21 00:04:26.000  -2267045.3490   5006691.4315   3225621.8412   6  20   0.0818   0.1007   0.0575  -0.0638   0.0629  -0.0447   0.00    0.0
2025/03/21 00:04:27.000  -2267045.3480   5006691.4299   3225621.8394   6  20   0.0815   0.1003   0.0575  -0.0637   0.0627  -0.0446   0.00    0.0
2025/03/21 00:04:28.000  -2267045.3428   5006691.4149   3225621.8362   6  20   0.0812   0.0994   0.0572  -0.0633   0.0621  -0.0445   0.00    0.0
2025/03/21 00:04:29.000  -2267045.3487   5006691.4176   3225621.8361   6  20   0.0808   0.0990   0.0567  -0.0630   0.0619  -0.0440   0.00    0.0
2025/03/21 00:04:30.000  -2267045.3479   5006691.4137   3225621.8409   6  20   0.0805   0.0985   0.0565  -0.0629   0.0614  -0.0438   0.00    0.0
2025/03/21 00:04:31.000  -2267045.3498   5006691.4093   3225621.8408   6  20   0.0803   0.0980   0.0560  -0.0625   0.0610  -0.0435   0.00    0.0
2025/03/21 00:04:32.000  -2267045.3482   5006691.4103   3225621.8382   6  20   0.0798   0.0974   0.0557  -0.0623   0.0607  -0.0435   0.00    0.0
2025/03/21 00:04:33.000  -2267045.3467   5006691.4033   3225621.8309   6  20   0.0794   0.0969   0.0556  -0.0619   0.0608  -0.0437   0.00    0.0
2025/03/21 00:04:34.000  -2267045.3456   5006691.3990   3225621.8423   6  20   0.0792   0.0967   0.0553  -0.0616   0.0604  -0.0433   0.00    0.0
2025/03/21 00:04:35.000  -2267045.3467   5006691.4120   3225621.8428   6  20   0.0789   0.0963   0.0553  -0.0610   0.0602  -0.0433   0.00    0.0
2025/03/21 00:04:36.000  -2267045.3392   5006691.4007   3225621.8378   6  20   0.0785   0.0951   0.0547  -0.0608   0.0596  -0.0428   0.00    0.0
2025/03/21 00:04:37.000  -2267045.3392   5006691.4047   3225621.8469   6  20   0.0783   0.0952   0.0544  -0.0607   0.0593  -0.0426   0.00    0.0
2025/03/21 00:04:38.000  -2267045.3415   5006691.3975   3225621.8397   6  20   0.0778   0.0947   0.0542  -0.0604   0.0591  -0.0425   0.00    0.0
2025/03/21 00:04:39.000  -2267045.3363   5006691.3951   3225621.8364   6  20   0.0774   0.0939   0.0541  -0.0599   0.0585  -0.0423   0.00    0.0
2025/03/21 00:04:40.000  -2267045.3325   5006691.3972   3225621.8405   6  20   0.0772   0.0938   0.0538  -0.0600   0.0584  -0.0422   0.00    0.0
2025/03/21 00:04:41.000  -2267045.3305   5006691.3906   3225621.8343   6  20   0.0770   0.0933   0.0538  -0.0594   0.0587  -0.0419   0.00    0.0
2025/03/21 00:04:42.000  -2267045.3342   5006691.3944   3225621.8412   6  20   0.0768   0.0929   0.0530  -0.0595   0.0579  -0.0417   0.00    0.0
2025/03/21 00:04:43.000  -2267045.3263   5006691.3922   3225621.8289   6  20   0.0763   0.0923   0.0528  -0.0591   0.0577  -0.0416   0.00    0.0
2025/03/21 00:04:44.000  -2267045.3233   5006691.3856   3225621.8277   6  20   0.0760   0.0920   0.0527  -0.0590   0.0575  -0.0418   0.00    0.0
2025/03/21 00:04:45.000  -2267045.3233   5006691.3922   3225621.8297   6  20   0.0756   0.0913   0.0524  -0.0587   0.0570  -0.0413   0.00    0.0
2025/03/21 00:04:46.000  -2267045.3214   5006691.3903   3225621.8261   6  20   0.0755   0.0910   0.0521  -0.0582   0.0570  -0.0414   0.00    0.0
2025/03/21 00:04:47.000  -2267045.3211   5006691.3976   3225621.8303   6  20   0.0752   0.0903   0.0517  -0.0581   0.0566  -0.0408   0.00    0.0
2025/03/21 00:04:48.000  -2267045.3205   5006691.3979   3225621.8318   6  20   0.0749   0.0902   0.0516  -0.0575   0.0565  -0.0408   0.00    0.0
2025/03/21 00:04:49.000  -2267045.3142   5006691.3977   3225621.8306   6  20   0.0746   0.0898   0.0516  -0.0575   0.0562  -0.0405   0.00    0.0
2025/03/21 00:04:50.000  -2267045.3153   5006691.3998   3225621.8352   6  20   0.0742   0.0895   0.0512  -0.0572   0.0558  -0.0402   0.00    0.0
2025/03/21 00:04:51.000  -2267045.3075   5006691.3847   3225621.8233   6  20   0.0741   0.0886   0.0507  -0.0569   0.0555  -0.0401   0.00    0.0
2025/03/21 00:04:52.000  -2267045.3111   5006691.3964   3225621.8283   6  20   0.0738   0.0886   0.0506  -0.0567   0.0551  -0.0399   0.00    0.0
2025/03/21 00:04:53.000  -2267045.3063   5006691.3902   3225621.8208   6  20   0.0733   0.0880   0.0503  -0.0564   0.0552  -0.0397   0.00    0.0
2025/03/21 00:04:54.000  -2267045.3031   5006691.3853   3225621.8189   6  20   0.0733   0.0879   0.0504  -0.0562   0.0550  -0.0394   0.00    0.0
2025/03/21 00:04:55.000  -2267045.3033   5006691.3795   3225621.8208   6  20   0.0728   0.0874   0.0504  -0.0558   0.0548  -0.0393   0.00    0.0
2025/03/21 00:04:56.000  -2267045.3011   5006691.3871   3225621.8253   6  20   0.0725   0.0870   0.0496  -0.0556   0.0543  -0.0389   0.00    0.0
2025/03/21 00:04:57.000  -2267045.3006   5006691.3930   3225621.8216   6  20   0.0722   0.0865   0.0493  -0.0557   0.0542  -0.0391   0.00    0.0
2025/03/21 00:04:58.000  -2267045.3005   5006691.3834   3225621.8158   6  20   0.0722   0.0864   0.0489  -0.0553   0.0538  -0.0387   0.00    0.0
2025/03/21 00:04:59.000  -2267045.2997   5006691.3841   3225621.8174   6  20   0.0718   0.0857   0.0490  -0.0549   0.0537  -0.0389   0.00    0.0
2025/03/21 00:05:00.000  -2267045.2940   5006691.3802   3225621.8118   6  20   0.0714   0.0853   0.0485  -0.0547   0.0533  -0.0387   0.00    0.0
2025/03/21 00:05:01.000  -2267045.2966   5006691.3892   3225621.8163   6  20   0.0712   0.0849   0.0485  -0.0547   0.0531  -0.0385   0.00    0.0
2025/03/21 00:05:02.000  -2267045.2894   5006691.3781   3225621.8091   6  20   0.0711   0.0847   0.0487  -0.0544   0.0532  -0.0382   0.00    0.0
2025/03/21 00:05:03.000  -2267045.2837   5006691.3789   3225621.8035   6  20   0.0707   0.0844   0.0482  -0.0540   0.0528  -0.0377   0.00    0.0
2025/03/21 00:05:04.000  -2267045.2839   5006691.3784   3225621.8083   6  20   0.0703   0.0838   0.0479  -0.0538   0.0524  -0.0376   0.00    0.0
2025/03/21 00:05:05.000  -2267045.2823   5006691.3830   3225621.8012   6  20   0.0702   0.0835   0.0477  -0.0536   0.0522  -0.0379   0.00    0.0
2025/03/21 00:05:06.000  -2267045.2799   5006691.3864   3225621.8036   6  20   0.0697   0.0830   0.0477  -0.0531   0.0518  -0.0377   0.00    0.0
2025/03/21 00:05:07.000  -2267045.2772   5006691.3868   3225621.7993   6  20   0.0695   0.0827   0.0475  -0.0532   0.0517  -0.0374   0.00    0.0
2025/03/21 00:05:08.000  -2267045.2693   5006691.3829   3225621.7957   6  20   0.0693   0.0821   0.0470  -0.0529   0.0513  -0.0370   0.00    0.0
2025/03/21 00:05:09.000  -2267045.2710   5006691.3906   3225621.7969   6  20   0.0692   0.0820   0.0469  -0.0528   0.0516  -0.0373   0.00    0.0
2025/03/21 00:05:10.000  -2267045.2718   5006691.3924   3225621.7963   6  20   0.0688   0.0814   0.0465  -0.0523   0.0509  -0.0370   0.00    0.0
2025/03/21 00:05:11.000  -2267045.2716   5006691.3971   3225621.7928   6  20   0.0684   0.0812   0.0465  -0.0521   0.0509  -0.0369   0.00    0.0
2025/03/21 00:05:12.000  -2267045.2643   5006691.3898   3225621.7842   6  20   0.0682   0.0808   0.0464  -0.0519   0.0507  -0.0367   0.00    0.0
2025/03/21 00:05:13.000  -2267045.2664   5006691.3948   3225621.7817   6  20   0.0681   0.0805   0.0463  -0.0519   0.0504  -0.0368   0.00    0.0
2025/03/21 00:05:14.000  -2267045.2650   5006691.3934   3225621.7832   6  20   0.0678   0.0800   0.0461  -0.0517   0.0500  -0.0367   0.00    0.0
2025/03/21 00:05:15.000  -2267045.2698   5006691.4041   3225621.7866   6  20   0.0676   0.0796   0.0455  -0.0512   0.0499  -0.0363   0.00    0.0
2025/03/21 00:05:16.000  -2267045.2699   5006691.3955   3225621.7760   6  20   0.0670   0.0794   0.0451  -0.0510   0.0495  -0.0360   0.00    0.0
2025/03/21 00:05:17.000  -2267045.2663   5006691.3969   3225621.7730   6  20   0.0669   0.0789   0.0452  -0.0508   0.0494  -0.0356   0.00    0.0
2025/03/21 00:05:18.000  -2267045.2664   5006691.3961   3225621.7735   6  20   0.0667   0.0788   0.0452  -0.0503   0.0493  -0.0356   0.00    0.0
2025/03/21 00:05:19.000  -2267045.2671   5006691.3875   3225621.7659   6  20   0.0665   0.0785   0.0448  -0.0505   0.0494  -0.0353   0.00    0.0
2025/03/21 00:05:20.000  -2267045.2625   5006691.3875   3225621.7671   6  20   0.0665   0.0779   0.0443  -0.0506   0.0488  -0.0351   0.00    0.0
2025/03/21 00:05:21.000  -2267045.2684   5006691.3967   3225621.7741   6  20   0.0660   0.0778   0.0445  -0.0500   0.0486  -0.0354   0.00    0.0
2025/03/21 00:05:22.000  -2267045.2648   5006691.3849   3225621.7682   6  20   0.0656   0.0772   0.0441  -0.0500   0.0483  -0.0353   0.00    0.0
2025/03/21 00:05:23.000  -2267045.2659   5006691.3923   3225621.7650   6  20   0.0656   0.0771   0.0438  -0.0496   0.0483  -0.0348   0.00    0.0
2025/03/21 00:05:24.000  -2267045.2619   5006691.3878   3225621.7597   6  20   0.0651   0.0766   0.0438  -0.0492   0.0479  -0.0346   0.00    0.0
2025/03/21 00:05:25.000  -2267045.2581   5006691.3782   3225621.7581   6  20   0.0650   0.0761   0.0439  -0.0493   0.0477  -0.0346   0.00    0.0
2025/03/21 00:05:26.000  -2267045.2510   5006691.3825   3225621.7584   6  20   0.0651   0.0760   0.0431  -0.0490   0.0475  -0.0344   0.00    0.0
2025/03/21 00:05:27.000  -2267045.2509   5006691.3874   3225621.7536   6  20   0.0646   0.0758   0.0434  -0.0490   0.0476  -0.0350   0.00    0.0
2025/03/21 00:05:28.000  -2267045.2474   5006691.3855   3225621.7480   6  20   0.0641   0.0751   0.0433  -0.0488   0.0469  -0.0345   0.00    0.0
2025/03/21 00:05:29.000  -2267045.2421   5006691.3772   3225621.7416   6  20   0.0642   0.0750   0.0430  -0.0485   0.0469  -0.0344   0.00    0.0
2025/03/21 00:05:30.000  -2267045.2464   5006691.3787   3225621.7441   6  20   0.0639   0.0747   0.0425  -0.0483   0.0467  -0.0339   0.00    0.0
2025/03/21 00:05:31.000  -2267045.2430   5006691.3798   3225621.7431   6  20   0.0636   0.0745   0.0427  -0.0482   0.0465  -0.0342   0.00    0.0
2025/03/21 00:05:32.000  -2267045.2430   5006691.3814   3225621.7393   6  20   0.0634   0.0744   0.0424  -0.0479   0.0466  -0.0339   0.00    0.0
2025/03/21 00:05:33.000  -2267045.2362   5006691.3735   3225621.7364   6  20   0.0632   0.0740   0.0422  -0.0481   0.0461  -0.0333   0.00    0.0
2025/03/21 00:05:34.000  -2267045.2399   5006691.3787   3225621.7392   6  20   0.0629   0.0738   0.0422  -0.0477   0.0462  -0.0338   0.00    0.0
2025/03/21 00:05:35.000  -2267045.2382   5006691.3688   3225621.7305   6  20   0.0628   0.0733   0.0422  -0.0474   0.0464  -0.0333   0.00    0.0
2025/03/21 00:05:36.000  -2267045.2370   5006691.3765   3225621.7297   6  20   0.0624   0.0728   0.0415  -0.0472   0.0456  -0.0328   0.00    0.0
2025/03/21 00:05:37.000  -2267045.2315   5006691.3627   3225621.7237   6  20   0.0623   0.0727   0.0415  -0.0474   0.0455  -0.0334   0.00    0.0
2025/03/21 00:05:38.000  -2267045.2331   5006691.3699   3225621.7263   6  20   0.0620   0.0721   0.0415  -0.0466   0.0453  -0.0329   0.00    0.0
2025/03/21 00:05:39.000  -2267045.2272   5006691.3681   3225621.7252   6  20   0.0617   0.0720   0.0413  -0.0468   0.0451  -0.0329   0.00    0.0
2025/03/21 00:05:40.000  -2267045.2250   5006691.3616   3225621.7171   6  20   0.0616   0.0718   0.0411  -0.0465   0.0449  -0.0328   0.00    0.0
2025/03/21 00:05:41.000  -2267045.2280   5006691.3715   3225621.7271   6  20   0.0614   0.0715   0.0410  -0.0461   0.0447  -0.0326   0.00    0.0
2025/03/21 00:05:42.000  -2267045.2288   5006691.3635   3225621.7204   6  19   0.0614   0.0713   0.0408  -0.0461   0.0447  -0.0323   0.00    0.0
2025/03/21 00:05:43.000  -2267045.2261   5006691.3591   3225621.7169   6  19   0.0609   0.0709   0.0404  -0.0459   0.0443  -0.0326   0.00    0.0
2025/03/21 00:05:44.000  -2267045.2250   5006691.3582   3225621.7148   6  19   0.0608   0.0705   0.0403  -0.0461   0.0443  -0.0321   0.00    0.0
2025/03/21 00:05:45.000  -2267045.2282   5006691.3609   3225621.7192   6  20   0.0607   0.0707   0.0403  -0.0455   0.0443  -0.0318   0.00    0.0
2025/03/21 00:05:46.000  -2267045.2266   5006691.3586   3225621.7156   6  20   0.0606   0.0700   0.0398  -0.0458   0.0436  -0.0319   0.00    0.0
2025/03/21 00:05:47.000  -2267045.2262   5006691.3558   3225621.7160   6  20   0.0602   0.0698   0.0403  -0.0452   0.0439  -0.0319   0.00    0.0
2025/03/21 00:05:48.000  -2267045.2244   5006691.3528   3225621.7096   6  20   0.0599   0.0696   0.0399  -0.0450   0.0434  -0.0315   0.00    0.0
2025/03/21 00:05:49.000  -2267045.2256   5006691.3616   3225621.7181   6  20   0.0596   0.0694   0.0399  -0.0450   0.0435  -0.0318   0.00    0.0
2025/03/21 00:05:50.000  -2267045.2232   5006691.3563   3225621.7148   6  20   0.0596   0.0690   0.0395  -0.0447   0.0432  -0.0317   0.00    0.0
2025/03/21 00:05:51.000  -2267045.2224   5006691.3634   3225621.7082   6  20   0.0594   0.0685   0.0392  -0.0448   0.0429  -0.0315   0.00    0.0
2025/03/21 00:05:52.000  -2267045.2229   5006691.3686   3225621.7148   6  20   0.0591   0.0683   0.0394  -0.0442   0.0431  -0.0312   0.00    0.0
2025/03/21 00:05:53.000  -2267045.2228   5006691.3670   3225621.7121   6  20   0.0587   0.0682   0.0385  -0.0440   0.0425  -0.0311   0.00    0.0
2025/03/21 00:05:54.000  -2267045.2179   5006691.3670   3225621.7046   6  20   0.0590   0.0680   0.0389  -0.0441   0.0425  -0.0310   0.00    0.0
2025/03/21 00:05:55.000  -2267045.2215   5006691.3672   3225621.7047   6  20   0.0583   0.0678   0.0389  -0.0436   0.0427  -0.0305   0.00    0.0
2025/03/21 00:05:56.000  -2267045.2167   5006691.3602   3225621.7025   6  20   0.0583   0.0676   0.0381  -0.0438   0.0420  -0.0308   0.00    0.0
2025/03/21 00:05:57.000  -2267045.2216   5006691.3759   3225621.7062   6  20   0.0580   0.0667   0.0381  -0.0437   0.0419  -0.0307   0.00    0.0
2025/03/21 00:05:58.000  -2267045.2211   5006691.3781   3225621.7093   6  20   0.0578   0.0667   0.0381  -0.0435   0.0416  -0.0306   0.00    0.0
2025/03/21 00:05:59.000  -2267045.2226   5006691.3748   3225621.7113   6  20   0.0575   0.0667   0.0387  -0.0434   0.0418  -0.0307   0.00    0.0
2025/03/21 00:06:00.000  -2267045.2203   5006691.3754   3225621.7070   6  20   0.0577   0.0660   0.0379  -0.0434   0.0413  -0.0301   0.00    0.0
2025/03/21 00:06:01.000  -2267045.2202   5006691.3825   3225621.7101   6  20   0.0574   0.0657   0.0376  -0.0429   0.0418  -0.0301   0.00    0.0
2025/03/21 00:06:02.000  -2267045.2163   5006691.3771   3225621.7016   6  20   0.0573   0.0661   0.0374  -0.0431   0.0410  -0.0300   0.00    0.0
2025/03/21 00:06:03.000  -2267045.2166   5006691.3815   3225621.7085   6  20   0.0566   0.0658   0.0377  -0.0425   0.0411  -0.0301   0.00    0.0
2025/03/21 00:06:04.000  -2267045.2182   5006691.3870   3225621.7038   6  20   0.0568   0.0654   0.0375  -0.0423   0.0409  -0.0298   0.00    0.0
2025/03/21 00:06:05.000  -2267045.2194   5006691.3932   3225621.7089   6  20   0.0564   0.0655   0.0373  -0.0425   0.0409  -0.0296   0.00    0.0
2025/03/21 00:06:06.000  -2267045.2217   5006691.3975   3225621.7099   6  20   0.0562   0.0649   0.0372  -0.0422   0.0410  -0.0300   0.00    0.0
2025/03/21 00:06:07.000  -2267045.2217   5006691.3968   3225621.7033   6  20   0.0563   0.0645   0.0368  -0.0420   0.0402  -0.0296   0.00    0.0
2025/03/21 00:06:08.000  -2267045.2134   5006691.4022   3225621.7132   6  20   0.0563   0.0648   0.0374  -0.0420   0.0406  -0.0295   0.00    0.0
2025/03/21 00:06:09.000  -2267045.2257   5006691.4086   3225621.7168   6  20   0.0559   0.0642   0.0367  -0.0418   0.0402  -0.0292   0.00    0.0
2025/03/21 00:06:10.000  -2267045.2289   5006691.4207   3225621.7157   6  20   0.0556   0.0641   0.0368  -0.0416   0.0395  -0.0294   0.00    0.0
2025/03/21 00:06:11.000  -2267045.2354   5006691.4336   3225621.7272   6  20   0.0557   0.0638   0.0367  -0.0415   0.0402  -0.0292   0.00    0.0
2025/03/21 00:06:12.000  -2267045.2311   5006691.4282   3225621.7206   6  20   0.0553   0.0629   0.0362  -0.0411   0.0396  -0.0284   0.00    0.0
2025/03/21 00:06:13.000  -2267045.2312   5006691.4381   3225621.7306   6  20   0.0553   0.0632   0.0359  -0.0411   0.0399  -0.0292   0.00    0.0
2025/03/21 00:06:14.000  -2267045.2277   5006691.4445   3225621.7311   6  20   0.0550   0.0632   0.0360  -0.0412   0.0397  -0.0289   0.00    0.0
2025/03/21 00:06:15.000  -2267045.2302   5006691.4462   3225621.7272   6  20   0.0546   0.0626   0.0357  -0.0409   0.0396  -0.0291   0.00    0.0
2025/03/21 00:06:16.000  -2267045.2305   5006691.4465   3225621.7330   6  20   0.0544   0.0622   0.0356  -0.0412   0.0388  -0.0287   0.00    0.0
2025/03/21 00:06:17.000  -2267045.2280   5006691.4544   3225621.7451   6  20   0.0547   0.0625   0.0360  -0.0407   0.0390  -0.0278   0.00    0.0
2025/03/21 00:06:18.000  -2267045.2270   5006691.4548   3225621.7404   6  20   0.0543   0.0620   0.0355  -0.0401   0.0388  -0.0282   0.00    0.0
2025/03/21 00:06:19.000  -2267045.2262   5006691.4595   3225621.7495   6  20   0.0543   0.0625   0.0356  -0.0406   0.0393  -0.0284   0.00    0.0
2025/03/21 00:06:20.000  -2267045.2280   5006691.4676   3225621.7521   6  20   0.0537   0.0616   0.0356  -0.0401   0.0391  -0.0285   0.00    0.0
2025/03/21 00:06:21.000  -2267045.2304   5006691.4749   3225621.7541   6  20   0.0536   0.0611   0.0348  -0.0398   0.0382  -0.0282   0.00    0.0
2025/03/21 00:06:22.000  -2267045.2265   5006691.4711   3225621.7589   6  20   0.0537   0.0615   0.0352  -0.0402   0.0384  -0.0282   0.00    0.0
2025/03/21 00:06:23.000  -2267045.2310   5006691.4695   3225621.7621   6  20   0.0536   0.0611   0.0352  -0.0398   0.0383  -0.0276   0.00    0.0
2025/03/21 00:06:24.000  -2267045.2318   5006691.4744   3225621.7662   6  20   0.0533   0.0606   0.0350  -0.0394   0.0379  -0.0277   0.00    0.0
2025/03/21 00:06:25.000  -2267045.2302   5006691.4785   3225621.7743   6  20   0.0532   0.0605   0.0345  -0.0395   0.0374  -0.0276   0.00    0.0
2025/03/21 00:06:26.000  -2267045.2334   5006691.4810   3225621.7766   6  20   0.0526   0.0604   0.0347  -0.0390   0.0379  -0.0279   0.00    0.0
2025/03/21 00:06:27.000  -2267045.2288   5006691.4684   3225621.7738   6  20   0.0526   0.0605   0.0346  -0.0390   0.0380  -0.0276   0.00    0.0
2025/03/21 00:06:28.000  -2267045.2325   5006691.4771   3225621.7785   6  20   0.0525   0.0597   0.0343  -0.0390   0.0373  -0.0273   0.00    0.0
2025/03/21 00:06:29.000  -2267045.2318   5006691.4714   3225621.7787   6  20   0.0524   0.0598   0.0345  -0.0387   0.0379  -0.0270   0.00    0.0
2025/03/21 00:06:30.000  -2267045.2304   5006691.4750   3225621.7808   6  20   0.0520   0.0595   0.0338  -0.0390   0.0373  -0.0277   0.00    0.0
2025/03/21 00:06:31.000  -2267045.2365   5006691.4777   3225621.7929   6  20   0.0522   0.0597   0.0343  -0.0388   0.0375  -0.0272   0.00    0.0
2025/03/21 00:06:32.000  -2267045.2346   5006691.4730   3225621.7884   6  20   0.0518   0.0591   0.0344  -0.0384   0.0377  -0.0279   0.00    0.0
2025/03/21 00:06:33.000  -2267045.2387   5006691.4686   3225621.7890   6  20   0.0518   0.0588   0.0338  -0.0383   0.0370  -0.0269   0.00    0.0
2025/03/21 00:06:34.000  -2267045.2430   5006691.4762   3225621.7911   6  20   0.0514   0.0589   0.0337  -0.0381   0.0370  -0.0269   0.00    0.0
2025/03/21 00:06:35.000  -2267045.2417   5006691.4765   3225621.7922   6  20   0.0511   0.0584   0.0340  -0.0380   0.0367  -0.0269   0.00    0.0
2025/03/21 00:06:36.000  -2267045.2420   5006691.4779   3225621.7927   6  20   0.0512   0.0586   0.0333  -0.0378   0.0368  -0.0266   0.00    0.0
2025/03/21 00:06:37.000  -2267045.2424   5006691.4807   3225621.7944   6  20   0.0511   0.0581   0.0331  -0.0378   0.0363  -0.0267   0.00    0.0
2025/03/21 00:06:38.000  -2267045.2489   5006691.4789   3225621.7948   6  20   0.0508   0.0581   0.0332  -0.0381   0.0366  -0.0268   0.00    0.0
2025/03/21 00:06:39.000  -2267045.2435   5006691.4821   3225621.7984   6  20   0.0508   0.0580   0.0327  -0.0377   0.0365  -0.0264   0.00    0.0
2025/03/21 00:06:40.000  -2267045.2422   5006691.4792   3225621.7973   6  20   0.0503   0.0579   0.0336  -0.0374   0.0363  -0.0266   0.00    0.0
2025/03/21 00:06:41.000  -2267045.2394   5006691.4815   3225621.7969   6  20   0.0503   0.0577   0.0331  -0.0375   0.0362  -0.0265   0.00    0.0
2025/03/21 00:06:42.000  -2267045.2432   5006691.4805   3225621.7933   6  20   0.0502   0.0570   0.0325  -0.0373   0.0351  -0.0262   0.00    0.0
2025/03/21 00:06:43.000  -2267045.2465   5006691.4882   3225621.7988   6  20   0.0502   0.0569   0.0324  -0.0372   0.0354  -0.0264   0.00    0.0
2025/03/21 00:06:44.000  -2267045.2462   5006691.4824   3225621.7956   6  20   0.0499   0.0570   0.0327  -0.0369   0.0358  -0.0259   0.00    0.0
2025/03/21 00:06:45.000  -2267045.2444   5006691.4873   3225621.8030   6  20   0.0499   0.0566   0.0322  -0.0369   0.0357  -0.0259   0.00    0.0
2025/03/21 00:06:46.000  -2267045.2485   5006691.4978   3225621.7998   6  20   0.0496   0.0564   0.0325  -0.0369   0.0358  -0.0258   0.00    0.0
2025/03/21 00:06:47.000  -2267045.2470   5006691.4954   3225621.7963   6  20   0.0496   0.0562   0.0320  -0.0370   0.0355  -0.0259   0.00    0.0
2025/03/21 00:06:48.000  -2267045.2481   5006691.4968   3225621.7989   6  20   0.0492   0.0561   0.0317  -0.0367   0.0349  -0.0254   0.00    0.0
2025/03/21 00:06:49.000  -2267045.2550   5006691.5086   3225621.8005   6  20   0.0492   0.0558   0.0319  -0.0366   0.0349  -0.0254   0.00    0.0
2025/03/21 00:06:50.000  -2267045.2577   5006691.5027   3225621.8025   6  20   0.0491   0.0555   0.0319  -0.0367   0.0346  -0.0254   0.00    0.0
2025/03/21 00:06:51.000  -2267045.2528   5006691.5060   3225621.8013   6  20   0.0488   0.0551   0.0320  -0.0358   0.0348  -0.0255   0.00    0.0
2025/03/21 00:06:52.000  -2267045.2487   5006691.5034   3225621.7972   6  20   0.0489   0.0553   0.0312  -0.0360   0.0346  -0.0252   0.00    0.0
2025/03/21 00:06:53.000  -2267045.2509   5006691.5085   3225621.7989   6  20   0.0489   0.0551   0.0314  -0.0361   0.0349  -0.0250   0.00    0.0
2025/03/21 00:06:54.000  -2267045.2502   5006691.5086   3225621.8055   6  20   0.0484   0.0552   0.0318  -0.0359   0.0343  -0.0252   0.00    0.0
2025/03/21 00:06:55.000  -2267045.2498   5006691.5125   3225621.8046   6  20   0.0479   0.0544   0.0316  -0.0359   0.0339  -0.0253   0.00    0.0
2025/03/21 00:06:56.000  -2267045.2568   5006691.5111   3225621.8051   6  20   0.0482   0.0549   0.0312  -0.0360   0.0341  -0.0248   0.00    0.0
2025/03/21 00:06:57.000  -2267045.2580   5006691.5109   3225621.8059   6  20   0.0482   0.0549   0.0315  -0.0352   0.0348  -0.0247   0.00    0.0
2025/03/21 00:06:58.000  -2267045.2547   5006691.5122   3225621.8151   6  20   0.0480   0.0544   0.0311  -0.0356   0.0340  -0.0242   0.00    0.0
2025/03/21 00:06:59.000  -2267045.2645   5006691.5307   3225621.8189   6  20   0.0477   0.0546   0.0312  -0.0357   0.0338  -0.0249   0.00    0.0
2025/03/21 00:07:00.000  -2267045.2605   5006691.5270   3225621.8180   6  20   0.0475   0.0537   0.0310  -0.0350   0.0342  -0.0249   0.00    0.0
2025/03/21 00:07:01.000  -2267045.2568   5006691.5188   3225621.8176   6  20   0.0476   0.0536   0.0303  -0.0352   0.0337  -0.0247   0.00    0.0
2025/03/21 00:07:02.000  -2267045.2629   5006691.5268   3225621.8184   6  20   0.0473   0.0533   0.0312  -0.0351   0.0336  -0.0243   0.00    0.0
2025/03/21 00:07:03.000  -2267045.2571   5006691.5232   3225621.8212   6  20   0.0472   0.0531   0.0305  -0.0351   0.0334  -0.0246   0.00    0.0
2025/03/21 00:07:04.000  -2267045.2573   5006691.5201   3225621.8184   6  20   0.0467   0.0534   0.0308  -0.0340   0.0338  -0.0245   0.00    0.0
2025/03/21 00:07:05.000  -2267045.2552   5006691.5125   3225621.8173   6  20   0.0469   0.0530   0.0307  -0.0352   0.0335  -0.0248   0.00    0.0
2025/03/21 00:07:06.000  -2267045.2571   5006691.5157   3225621.8177   6  20   0.0468   0.0532   0.0297  -0.0350   0.0332  -0.0241   0.00    0.0
2025/03/21 00:07:07.000  -2267045.2559   5006691.5140   3225621.8147   6  20   0.0466   0.0522   0.0304  -0.0340   0.0327  -0.0233   0.00    0.0
2025/03/21 00:07:08.000  -2267045.2568   5006691.5105   3225621.8155   6  20   0.0466   0.0523   0.0301  -0.0346   0.0327  -0.0239   0.00    0.0
2025/03/21 00:07:09.000  -2267045.2506   5006691.5122   3225621.8148   6  20   0.0464   0.0523   0.0301  -0.0346   0.0334  -0.0245   0.00    0.0
2025/03/21 00:07:10.000  -2267045.2524   5006691.5067   3225621.8192   6  20   0.0460   0.0525   0.0303  -0.0345   0.0335  -0.0246   0.00    0.0
2025/03/21 00:07:11.000  -2267045.2505   5006691.5090   3225621.8195   6  20   0.0459   0.0518   0.0292  -0.0342   0.0322  -0.0239   0.00    0.0
2025/03/21 00:07:12.000  -2267045.2504   5006691.4996   3225621.8143   6  20   0.0458   0.0519   0.0300  -0.0335   0.0327  -0.0232   0.00    0.0
2025/03/21 00:07:13.000  -2267045.2504   5006691.5065   3225621.8152   6  20   0.0459   0.0518   0.0300  -0.0341   0.0332  -0.0243   0.00    0.0
2025/03/21 00:07:14.000  -2267045.2480   5006691.4974   3225621.8155   6  20   0.0458   0.0520   0.0298  -0.0342   0.0328  -0.0241   0.00    0.0
2025/03/21 00:07:15.000  -2267045.2516   5006691.5066   3225621.8172   6  20   0.0451   0.0511   0.0297  -0.0336   0.0319  -0.0234   0.00    0.0
2025/03/21 00:07:16.000  -2267045.2517   5006691.5019   3225621.8173   6  20   0.0454   0.0516   0.0298  -0.0336   0.0329  -0.0234   0.00    0.0
2025/03/21 00:07:17.000  -2267045.2506   5006691.4983   3225621.8186   6  20   0.0455   0.0513   0.0301  -0.0334   0.0330  -0.0240   0.00    0.0
2025/03/21 00:07:18.000  -2267045.2547   5006691.5039   3225621.8213   6  20   0.0450   0.0510   0.0297  -0.0330   0.0324  -0.0235   0.00    0.0
2025/03/21 00:07:19.000  -2267045.2533   5006691.5005   3225621.8192   6  20   0.0450   0.0515   0.0296  -0.0335   0.0327  -0.0235   0.00    0.0
2025/03/21 00:07:20.000  -2267045.2563   5006691.4978   3225621.8193   6  20   0.0451   0.0510   0.0292  -0.0328   0.0320  -0.0236   0.00    0.0
2025/03/21 00:07:21.000  -2267045.2565   5006691.4920   3225621.8138   6  20   0.0445   0.0498   0.0288  -0.0330   0.0315  -0.0231   0.00    0.0
2025/03/21 00:07:22.000  -2267045.2505   5006691.4920   3225621.8098   6  20   0.0447   0.0505   0.0287  -0.0328   0.0315  -0.0231   0.00    0.0
2025/03/21 00:07:23.000  -2267045.2605   5006691.4977   3225621.8171   6  20   0.0445   0.0502   0.0292  -0.0328   0.0315  -0.0233   0.00    0.0
2025/03/21 00:07:24.000  -2267045.2606   5006691.4986   3225621.8173   6  20   0.0444   0.0506   0.0285  -0.0329   0.0317  -0.0227   0.00    0.0
2025/03/21 00:07:25.000  -2267045.2631   5006691.4975   3225621.8184   6  20   0.0443   0.0500   0.0279  -0.0325   0.0312  -0.0232   0.00    0.0
2025/03/21 00:07:26.000  -2267045.2547   5006691.4880   3225621.8085   6  20   0.0440   0.0501   0.0289  -0.0324   0.0318  -0.0232   0.00    0.0
2025/03/21 00:07:27.000  -2267045.2571   5006691.4910   3225621.8102   6  20   0.0440   0.0494   0.0287  -0.0325   0.0313  -0.0228   0.00    0.0
2025/03/21 00:07:28.000  -2267045.2593   5006691.4897   3225621.8068   6  20   0.0439   0.0492   0.0287  -0.0322   0.0309  -0.0232   0.00    0.0
2025/03/21 00:07:29.000  -2267045.2563   5006691.4882   3225621.8106   6  20   0.0438   0.0497   0.0289  -0.0325   0.0314  -0.0231   0.00    0.0
2025/03/21 00:07:30.000  -2267045.2559   5006691.4837   3225621.8103   6  20   0.0435   0.0494   0.0284  -0.0321   0.0314  -0.0225   0.00    0.0
2025/03/21 00:07:31.000  -2267045.2601   5006691.4904   3225621.8082   6  20   0.0434   0.0494   0.0287  -0.0319   0.0314  -0.0226   0.00    0.0
2025/03/21 00:07:32.000  -2267045.2529   5006691.4893   3225621.8056   6  20   0.0433   0.0493   0.0281  -0.0318   0.0304  -0.0221   0.00    0.0
2025/03/21 00:07:33.000  -2267045.2564   5006691.4942   3225621.8007   6  20   0.0430   0.0488   0.0285  -0.0320   0.0307  -0.0229   0.00    0.0
2025/03/21 00:07:34.000  -2267045.2556   5006691.4920   3225621.8046   6  20   0.0427   0.0488   0.0284  -0.0318   0.0313  -0.0226   0.00    0.0
2025/03/21 00:07:35.000  -2267045.2545   5006691.4941   3225621.8058   6  20   0.0430   0.0487   0.0282  -0.0319   0.0307  -0.0225   0.00    0.0
2025/03/21 00:07:36.000  -2267045.2531   5006691.4967   3225621.8050   6  20   0.0430   0.0486   0.0285  -0.0317   0.0306  -0.0228   0.00    0.0
2025/03/21 00:07:37.000  -2267045.2480   5006691.4908   3225621.8049   6  20   0.0428   0.0481   0.0275  -0.0316   0.0305  -0.0227   0.00    0.0
2025/03/21 00:07:38.000  -2267045.2473   5006691.4905   3225621.8036   6  20   0.0424   0.0483   0.0275  -0.0312   0.0302  -0.0213   0.00    0.0
2025/03/21 00:07:39.000  -2267045.2491   5006691.4906   3225621.7996   6  20   0.0428   0.0481   0.0280  -0.0311   0.0306  -0.0223   0.00    0.0
2025/03/21 00:07:40.000  -2267045.2481   5006691.4901   3225621.8004   6  20   0.0420   0.0478   0.0275  -0.0311   0.0305  -0.0220   0.00    0.0
2025/03/21 00:07:41.000  -2267045.2521   5006691.4970   3225621.8040   6  20   0.0424   0.0478   0.0280  -0.0314   0.0302  -0.0220   0.00    0.0
2025/03/21 00:07:42.000  -2267045.2507   5006691.4951   3225621.8034   6  20   0.0421   0.0473   0.0270  -0.0308   0.0292  -0.0211   0.00    0.0
2025/03/21 00:07:43.000  -2267045.2420   5006691.4870   3225621.8003   6  20   0.0421   0.0472   0.0270  -0.0309   0.0300  -0.0214   0.00    0.0
2025/03/21 00:07:44.000  -2267045.2520   5006691.4984   3225621.8002   6  20   0.0419   0.0472   0.0282  -0.0314   0.0302  -0.0220   0.00    0.0
2025/03/21 00:07:45.000  -2267045.2429   5006691.4892   3225621.7986   6  20   0.0416   0.0475   0.0274  -0.0311   0.0302  -0.0215   0.00    0.0
2025/03/21 00:07:46.000  -2267045.2474   5006691.4982   3225621.8032   6  20   0.0419   0.0477   0.0276  -0.0308   0.0305  -0.0221   0.00    0.0
2025/03/21 00:07:47.000  -2267045.2516   5006691.5102   3225621.8130   6  20   0.0414   0.0473   0.0274  -0.0303   0.0304  -0.0220   0.00    0.0
2025/03/21 00:07:48.000  -2267045.2507   5006691.5073   3225621.8081   6  20   0.0412   0.0467   0.0269  -0.0310   0.0294  -0.0216   0.00    0.0
2025/03/21 00:07:49.000  -2267045.2531   5006691.5021   3225621.8058   6  20   0.0413   0.0468   0.0270  -0.0308   0.0292  -0.0211   0.00    0.0
2025/03/21 00:07:50.000  -2267045.2511   5006691.5097   3225621.8122   6  20   0.0416   0.0467   0.0275  -0.0306   0.0295  -0.0213   0.00    0.0
2025/03/21 00:07:51.000  -2267045.2503   5006691.5072   3225621.8087   6  20   0.0409   0.0466   0.0267  -0.0307   0.0290  -0.0208   0.00    0.0
2025/03/21 00:07:52.000  -2267045.2464   5006691.5046   3225621.8103   6  20   0.0405   0.0468   0.0274  -0.0304   0.0294  -0.0212   0.00    0.0
2025/03/21 00:07:53.000  -2267045.2417   5006691.5042   3225621.8116   6  20   0.0408   0.0458   0.0264  -0.0299   0.0291  -0.0208   0.00    0.0
2025/03/21 00:07:54.000  -2267045.2438   5006691.5060   3225621.8102   6  20   0.0410   0.0463   0.0271  -0.0297   0.0294  -0.0208   0.00    0.0
2025/03/21 00:07:55.000  -2267045.2481   5006691.5053   3225621.8094   6  20   0.0404   0.0460   0.0269  -0.0302   0.0296  -0.0211   0.00    0.0
2025/03/21 00:07:56.000  -2267045.2441   5006691.5075   3225621.8166   6  20   0.0408   0.0460   0.0270  -0.0296   0.0287  -0.0213   0.00    0.0
2025/03/21 00:07:57.000  -2267045.2443   5006691.5103   3225621.8146   6  20   0.0404   0.0456   0.0266  -0.0299   0.0285  -0.0207   0.00    0.0
2025/03/21 00:07:58.000  -2267045.2434   5006691.5050   3225621.8115   6  20   0.0405   0.0455   0.0262  -0.0302   0.0287  -0.0208   0.00    0.0
2025/03/21 00:07:59.000  -2267045.2390   5006691.5051   3225621.8111   6  20   0.0400   0.0458   0.0264  -0.0297   0.0290  -0.0203   0.00    0.0
2025/03/21 00:08:00.000  -2267045.2389   5006691.5091   3225621.8168   6  20   0.0401   0.0452   0.0262  -0.0294   0.0286  -0.0209   0.00    0.0
2025/03/21 00:08:01.000  -2267045.2403   5006691.5107   3225621.8129   6  20   0.0397   0.0456   0.0266  -0.0288   0.0288  -0.0201   0.00    0.0
2025/03/21 00:08:02.000  -2267045.2423   5006691.5000   3225621.8129   6  20   0.0396   0.0450   0.0258  -0.0290   0.0285  -0.0206   0.00    0.0
2025/03/21 00:08:03.000  -2267045.2341   5006691.5005   3225621.8119   6  20   0.0398   0.0452   0.0262  -0.0295   0.0282  -0.0202   0.00    0.0
2025/03/21 00:08:04.000  -2267045.2355   5006691.5049   3225621.8112   6  20   0.0399   0.0453   0.0262  -0.0298   0.0282  -0.0207   0.00    0.0
2025/03/21 00:08:05.000  -2267045.2305   5006691.4947   3225621.8068   6  20   0.0401   0.0450   0.0257  -0.0297   0.0286  -0.0206   0.00    0.0
2025/03/21 00:08:06.000  -2267045.2290   5006691.4980   3225621.8095   6  20   0.0395   0.0448   0.0258  -0.0294   0.0286  -0.0204   0.00    0.0
2025/03/21 00:08:07.000  -2267045.2264   5006691.4913   3225621.8026   6  20   0.0390   0.0449   0.0261  -0.0293   0.0288  -0.0206   0.00    0.0
2025/03/21 00:08:08.000  -2267045.2324   5006691.4961   3225621.8064   6  20   0.0391   0.0444   0.0260  -0.0285   0.0280  -0.0204   0.00    0.0
2025/03/21 00:08:09.000  -2267045.2230   5006691.4966   3225621.8032   6  20   0.0388   0.0444   0.0257  -0.0290   0.0284  -0.0206   0.00    0.0
2025/03/21 00:08:10.000  -2267045.2252   5006691.4932   3225621.8026   6  20   0.0391   0.0441   0.0260  -0.0287   0.0282  -0.0205   0.00    0.0
2025/03/21 00:08:11.000  -2267045.2156   5006691.4834   3225621.7953   6  20   0.0391   0.0444   0.0262  -0.0287   0.0288  -0.0204   0.00    0.0
2025/03/21 00:08:12.000  -2267045.2272   5006691.4969   3225621.8036   6  20   0.0388   0.0441   0.0254  -0.0285   0.0279  -0.0198   0.00    0.0
2025/03/21 00:08:13.000  -2267045.2189   5006691.4836   3225621.8031   6  20   0.0382   0.0441   0.0252  -0.0283   0.0279  -0.0202   0.00    0.0
2025/03/21 00:08:14.000  -2267045.2198   5006691.4846   3225621.7966   6  19   0.0389   0.0441   0.0257  -0.0288   0.0279  -0.0209   0.00    0.0
2025/03/21 00:08:15.000  -2267045.2149   5006691.4771   3225621.7925   6  19   0.0388   0.0436   0.0249  -0.0290   0.0271  -0.0195   0.00    0.0
2025/03/21 00:08:16.000  -2267045.2162   5006691.4796   3225621.7949   6  19   0.0387   0.0434   0.0253  -0.0285   0.0277  -0.0200   0.00    0.0
2025/03/21 00:08:17.000  -2267045.2143   5006691.4803   3225621.7929   6  19   0.0382   0.0436   0.0252  -0.0284   0.0271  -0.0197   0.00    0.0
2025/03/21 00:08:18.000  -2267045.2140   5006691.4829   3225621.7920   6  19   0.0384   0.0440   0.0259  -0.0283   0.0279  -0.0190   0.00    0.0
2025/03/21 00:08:19.000  -2267045.2121   5006691.4793   3225621.7929   6  19   0.0381   0.0433   0.0256  -0.0284   0.0277  -0.0205   0.00    0.0
2025/03/21 00:08:20.000  -2267045.2188   5006691.4844   3225621.7894   6  19   0.0381   0.0435   0.0256  -0.0289   0.0276  -0.0204   0.00    0.0
2025/03/21 00:08:21.000  -2267045.2146   5006691.4823   3225621.7931   6  19   0.0376   0.0432   0.0255  -0.0282   0.0277  -0.0198   0.00    0.0
2025/03/21 00:08:22.000  -2267045.2109   5006691.4781   3225621.7892   6  19   0.0379   0.0430   0.0251  -0.0279   0.0270  -0.0192   0.00    0.0
2025/03/21 00:08:23.000  -2267045.2120   5006691.4892   3225621.7950   6  19   0.0378   0.0428   0.0250  -0.0281   0.0273  -0.0197   0.00    0.0
2025/03/21 00:08:24.000  -2267045.2111   5006691.4870   3225621.7907   6  19   0.0379   0.0430   0.0256  -0.0280   0.0276  -0.0198   0.00    0.0
2025/03/21 00:08:25.000  -2267045.2128   5006691.4834   3225621.7833   6  19   0.0376   0.0429   0.0255  -0.0278   0.0273  -0.0202   0.00    0.0
2025/03/21 00:08:26.000  -2267045.2084   5006691.4821   3225621.7819   6  19   0.0370   0.0427   0.0247  -0.0277   0.0271  -0.0196   0.00    0.0
2025/03/21 00:08:27.000  -2267045.2068   5006691.4859   3225621.7822   6  19   0.0378   0.0423   0.0246  -0.0282   0.0264  -0.0192   0.00    0.0
2025/03/21 00:08:28.000  -2267045.2118   5006691.4924   3225621.7826   6  19   0.0376   0.0424   0.0249  -0.0277   0.0268  -0.0195   0.00    0.0
2025/03/21 00:08:29.000  -2267045.2086   5006691.4938   3225621.7840   6  19   0.0371   0.0419   0.0243  -0.0275   0.0266  -0.0194   0.00    0.0
2025/03/21 00:08:30.000  -2267045.2086   5006691.4944   3225621.7832   6  19   0.0377   0.0426   0.0244  -0.0279   0.0266  -0.0190   0.00    0.0
2025/03/21 00:08:31.000  -2267045.2082   5006691.4947   3225621.7808   6  19   0.0370   0.0427   0.0246  -0.0274   0.0269  -0.0188   0.00    0.0
2025/03/21 00:08:32.000  -2267045.2074   5006691.5009   3225621.7889   6  19   0.0363   0.0419   0.0243  -0.0274   0.0266  -0.0190   0.00    0.0
2025/03/21 00:08:33.000  -2267045.2123   5006691.4942   3225621.7852   6  19   0.0368   0.0415   0.0238  -0.0276   0.0261  -0.0191   0.00    0.0
2025/03/21 00:08:34.000  -2267045.2172   5006691.5078   3225621.7929   6  19   0.0368   0.0420   0.0252  -0.0272   0.0267  -0.0189   0.00    0.0
2025/03/21 00:08:35.000  -2267045.2158   5006691.5130   3225621.7968   6  19   0.0367   0.0422   0.0242  -0.0273   0.0267  -0.0192   0.00    0.0
2025/03/21 00:08:36.000  -2267045.2173   5006691.5139   3225621.7974   6  19   0.0366   0.0420   0.0248  -0.0272   0.0271  -0.0190   0.00    0.0
2025/03/21 00:08:37.000  -2267045.2201   5006691.5262   3225621.8018   6  19   0.0366   0.0410   0.0240  -0.0274   0.0262  -0.0189   0.00    0.0
2025/03/21 00:08:38.000  -2267045.2153   5006691.5197   3225621.8032   6  19   0.0364   0.0415   0.0244  -0.0272   0.0260  -0.0187   0.00    0.0
2025/03/21 00:08:39.000  -2267045.2179   5006691.5209   3225621.8003   6  19   0.0366   0.0412   0.0238  -0.0271   0.0267  -0.0186   0.00    0.0
2025/03/21 00:08:40.000  -2267045.2165   5006691.5286   3225621.8010   6  19   0.0363   0.0411   0.0249  -0.0270   0.0263  -0.0189   0.00    0.0
2025/03/21 00:08:41.000  -2267045.2232   5006691.5344   3225621.8023   6  19   0.0361   0.0412   0.0240  -0.0267   0.0259  -0.0184   0.00    0.0
2025/03/21 00:08:42.000  -2267045.2172   5006691.5306   3225621.8007   6  19   0.0359   0.0405   0.0240  -0.0262   0.0258  -0.0185   0.00    0.0
2025/03/21 00:08:43.000  -2267045.2173   5006691.5353   3225621.8025   6  19   0.0356   0.0408   0.0234  -0.0268   0.0261  -0.0190   0.00    0.0
2025/03/21 00:08:44.000  -2267045.2160   5006691.5339   3225621.8011   6  19   0.0356   0.0413   0.0243  -0.0262   0.0267  -0.0186   0.00    0.0
2025/03/21 00:08:45.000  -2267045.2148   5006691.5376   3225621.7972   6  19   0.0358   0.0409   0.0238  -0.0264   0.0260  -0.0186   0.00    0.0
2025/03/21 00:08:46.000  -2267045.2163   5006691.5484   3225621.8014   6  19   0.0358   0.0404   0.0239  -0.0261   0.0264  -0.0195   0.00    0.0
2025/03/21 00:08:47.000  -2267045.2112   5006691.5413   3225621.8003   6  19   0.0357   0.0405   0.0242  -0.0266   0.0261  -0.0184   0.00    0.0
2025/03/21 00:08:48.000  -2267045.2182   5006691.5519   3225621.8109   6  19   0.0358   0.0407   0.0236  -0.0266   0.0256  -0.0185   0.00    0.0
2025/03/21 00:08:49.000  -2267045.2117   5006691.5488   3225621.8051   6  19   0.0352   0.0408   0.0237  -0.0261   0.0259  -0.0191   0.00    0.0
2025/03/21 00:08:50.000  -2267045.2117   5006691.5571   3225621.8061   6  19   0.0350   0.0406   0.0229  -0.0266   0.0256  -0.0183   0.00    0.0
2025/03/21 00:08:51.000  -2267045.2124   5006691.5517   3225621.8047   6  19   0.0350   0.0404   0.0235  -0.0269   0.0259  -0.0193   0.00    0.0
2025/03/21 00:08:52.000  -2267045.2105   5006691.5508   3225621.8035   6  19   0.0349   0.0402   0.0232  -0.0259   0.0259  -0.0182   0.00    0.0
2025/03/21 00:08:53.000  -2267045.2129   5006691.5560   3225621.8019   6  19   0.0349   0.0403   0.0241  -0.0259   0.0260  -0.0179   0.00    0.0
2025/03/21 00:08:54.000  -2267045.2158   5006691.5622   3225621.8050   6  19   0.0351   0.0407   0.0241  -0.0266   0.0254  -0.0176   0.00    0.0
2025/03/21 00:08:55.000  -2267045.2189   5006691.5689   3225621.8090   6  19   0.0347   0.0404   0.0236  -0.0259   0.0259  -0.0185   0.00    0.0
2025/03/21 00:08:56.000  -2267045.2083   5006691.5716   3225621.8159   6  19   0.0346   0.0395   0.0231  -0.0259   0.0254  -0.0184   0.00    0.0
2025/03/21 00:08:57.000  -2267045.2165   5006691.5635   3225621.8043   6  19   0.0346   0.0400   0.0237  -0.0260   0.0257  -0.0184   0.00    0.0
2025/03/21 00:08:58.000  -2267045.2225   5006691.5727   3225621.8118   6  19   0.0345   0.0401   0.0235  -0.0252   0.0252  -0.0178   0.00    0.0
2025/03/21 00:08:59.000  -2267045.2171   5006691.5644   3225621.8078   6  19   0.0345   0.0398   0.0225  -0.0256   0.0256  -0.0182   0.00    0.0
2025/03/21 00:09:00.000  -2267045.2176   5006691.5653   3225621.8018   6  19   0.0347   0.0400   0.0228  -0.0260   0.0252  -0.0176   0.00    0.0
2025/03/21 00:09:01.000  -2267045.2169   5006691.5730   3225621.8071   6  19   0.0340   0.0392   0.0231  -0.0258   0.0250  -0.0178   0.00    0.0
2025/03/21 00:09:02.000  -2267045.2142   5006691.5730   3225621.8025   6  19   0.0345   0.0391   0.0232  -0.0254   0.0252  -0.0171   0.00    0.0
2025/03/21 00:09:03.000  -2267045.2207   5006691.5689   3225621.8060   6  19   0.0345   0.0392   0.0226  -0.0256   0.0249  -0.0170   0.00    0.0
2025/03/21 00:09:04.000  -2267045.2185   5006691.5652   3225621.8036   6  19   0.0342   0.0389   0.0228  -0.0255   0.0256  -0.0177   0.00    0.0
2025/03/21 00:09:05.000  -2267045.2202   5006691.5714   3225621.8047   6  19   0.0340   0.0394   0.0226  -0.0253   0.0246  -0.0173   0.00    0.0
2025/03/21 00:09:06.000  -2267045.2201   5006691.5730   3225621.8098   6  19   0.0338   0.0388   0.0234  -0.0253   0.0247  -0.0178   0.00    0.0
2025/03/21 00:09:07.000  -2267045.2191   5006691.5704   3225621.8061   6  19   0.0337   0.0396   0.0227  -0.0256   0.0249  -0.0178   0.00    0.0
2025/03/21 00:09:08.000  -2267045.2190   5006691.5787   3225621.8076   6  19   0.0339   0.0393   0.0226  -0.0253   0.0251  -0.0175   0.00    0.0
2025/03/21 00:09:09.000  -2267045.2226   5006691.5782   3225621.8069   6  19   0.0337   0.0391   0.0228  -0.0249   0.0244  -0.0170   0.00    0.0
2025/03/21 00:09:10.000  -2267045.2315   5006691.5845   3225621.8080   6  19   0.0338   0.0390   0.0233  -0.0253   0.0252  -0.0177   0.00    0.0
2025/03/21 00:09:11.000  -2267045.2251   5006691.5798   3225621.8063   6  19   0.0336   0.0388   0.0223  -0.0247   0.0245  -0.0172   0.00    0.0
2025/03/21 00:09:12.000  -2267045.2241   5006691.5807   3225621.8087   6  19   0.0332   0.0387   0.0226  -0.0250   0.0240  -0.0170   0.00    0.0
2025/03/21 00:09:13.000  -2267045.2290   5006691.5861   3225621.8096   6  19   0.0330   0.0378   0.0223  -0.0241   0.0242  -0.0176   0.00    0.0
2025/03/21 00:09:14.000  -2267045.2237   5006691.5865   3225621.8075   6  19   0.0330   0.0386   0.0230  -0.0250   0.0250  -0.0181   0.00    0.0
2025/03/21 00:09:15.000  -2267045.2271   5006691.5889   3225621.8096   6  19   0.0331   0.0382   0.0226  -0.0243   0.0250  -0.0178   0.00    0.0
2025/03/21 00:09:16.000  -2267045.2333   5006691.5877   3225621.8139   6  19   0.0334   0.0378   0.0227  -0.0247   0.0248  -0.0172   0.00    0.0
2025/03/21 00:09:17.000  -2267045.2313   5006691.5907   3225621.8094   6  19   0.0335   0.0378   0.0225  -0.0249   0.0243  -0.0175   0.00    0.0
2025/03/21 00:09:18.000  -2267045.2344   5006691.5869   3225621.8088   6  19   0.0332   0.0377   0.0224  -0.0245   0.0245  -0.0166   0.00    0.0
2025/03/21 00:09:19.000  -2267045.2322   5006691.5766   3225621.8036   6  19   0.0331   0.0380   0.0226  -0.0249   0.0241  -0.0169   0.00    0.0
2025/03/21 00:09:20.000  -2267045.2324   5006691.5778   3225621.8051   6  19   0.0326   0.0377   0.0220  -0.0245   0.0241  -0.0164   0.00    0.0
2025/03/21 00:09:21.000  -2267045.2328   5006691.5814   3225621.8110   6  19   0.0325   0.0376   0.0224  -0.0240   0.0238  -0.0173   0.00    0.0
2025/03/21 00:09:22.000  -2267045.2402   5006691.5895   3225621.8151   6  19   0.0331   0.0383   0.0217  -0.0243   0.0241  -0.0165   0.00    0.0
2025/03/21 00:09:23.000  -2267045.2486   5006691.6001   3225621.8207   6  19   0.0329   0.0371   0.0228  -0.0241   0.0239  -0.0168   0.00    0.0
2025/03/21 00:09:24.000  -2267045.2392   5006691.5937   3225621.8197   6  19   0.0322   0.0379   0.0218  -0.0239   0.0235  -0.0168   0.00    0.0
2025/03/21 00:09:25.000  -2267045.2381   5006691.5978   3225621.8176   6  19   0.0328   0.0382   0.0219  -0.0243   0.0246  -0.0178   0.00    0.0
2025/03/21 00:09:26.000  -2267045.2408   5006691.5857   3225621.8105   6  19   0.0324   0.0379   0.0220  -0.0242   0.0245  -0.0174   0.00    0.0
2025/03/21 00:09:27.000  -2267045.2390   5006691.5822   3225621.8131   6  19   0.0321   0.0374   0.0228  -0.0244   0.0242  -0.0173   0.00    0.0
2025/03/21 00:09:28.000  -2267045.2369   5006691.5829   3225621.8141   6  19   0.0327   0.0373   0.0218  -0.0240   0.0239  -0.0165   0.00    0.0
2025/03/21 00:09:29.000  -2267045.2384   5006691.5859   3225621.8113   6  19   0.0321   0.0374   0.0220  -0.0240   0.0235  -0.0166   0.00    0.0
2025/03/21 00:09:30.000  -2267045.2419   5006691.5941   3225621.8224   6  19   0.0321   0.0375   0.0216  -0.0240   0.0229  -0.0163   0.00    0.0
2025/03/21 00:09:31.000  -2267045.2385   5006691.5949   3225621.8133   6  19   0.0316   0.0368   0.0218  -0.0237   0.0240  -0.0166   0.00    0.0
2025/03/21 00:09:32.000  -2267045.2445   5006691.5885   3225621.8111   6  19   0.0320   0.0372   0.0221  -0.0240   0.0237  -0.0164   0.00    0.0
2025/03/21 00:09:33.000  -2267045.2408   5006691.5906   3225621.8193   6  19   0.0314   0.0366   0.0219  -0.0239   0.0235  -0.0170   0.00    0.0
2025/03/21 00:09:34.000  -2267045.2448   5006691.5937   3225621.8167   6  19   0.0319   0.0368   0.0217  -0.0238   0.0237  -0.0169   0.00    0.0
2025/03/21 00:09:35.000  -2267045.2431   5006691.6014   3225621.8196   6  19   0.0319   0.0369   0.0214  -0.0238   0.0232  -0.0172   0.00    0.0
2025/03/21 00:09:36.000  -2267045.2456   5006691.6082   3225621.8257   6  19   0.0316   0.0367   0.0221  -0.0230   0.0230  -0.0163   0.00    0.0
2025/03/21 00:09:37.000  -2267045.2379   5006691.5947   3225621.8175   6  19   0.0316   0.0366   0.0220  -0.0241   0.0235  -0.0163   0.00    0.0
2025/03/21 00:09:38.000  -2267045.2429   5006691.5988   3225621.8137   6  19   0.0317   0.0365   0.0224  -0.0237   0.0233  -0.0168   0.00    0.0
2025/03/21 00:09:39.000  -2267045.2392   5006691.6018   3225621.8170   6  19   0.0316   0.0369   0.0212  -0.0239   0.0237  -0.0158   0.00    0.0
2025/03/21 00:09:40.000  -2267045.2391   5006691.5948   3225621.8139   6  19   0.0316   0.0364   0.0215  -0.0234   0.0239  -0.0172   0.00    0.0
2025/03/21 00:09:41.000  -2267045.2367   5006691.5998   3225621.8187   6  19   0.0312   0.0355   0.0214  -0.0236   0.0225  -0.0162   0.00    0.0
2025/03/21 00:09:42.000  -2267045.2394   5006691.6084   3225621.8233   6  19   0.0314   0.0368   0.0221  -0.0237   0.0242  -0.0173   0.00    0.0
2025/03/21 00:09:43.000  -2267045.2373   5006691.5995   3225621.8169   6  19   0.0307   0.0358   0.0208  -0.0225   0.0229  -0.0156   0.00    0.0
2025/03/21 00:09:44.000  -2267045.2463   5006691.6192   3225621.8317   6  19   0.0312   0.0359   0.0211  -0.0233   0.0225  -0.0173   0.00    0.0
2025/03/21 00:09:45.000  -2267045.2404   5006691.6124   3225621.8309   6  19   0.0312   0.0357   0.0210  -0.0226   0.0228  -0.0159   0.00    0.0
2025/03/21 00:09:46.000  -2267045.2438   5006691.6090   3225621.8293   6  19   0.0311   0.0369   0.0217  -0.0233   0.0239  -0.0161   0.00    0.0
2025/03/21 00:09:47.000  -2267045.2412   5006691.6087   3225621.8273   6  19   0.0305   0.0366   0.0218  -0.0234   0.0233  -0.0170   0.00    0.0
2025/03/21 00:09:48.000  -2267045.2456   5006691.6114   3225621.8294   6  19   0.0310   0.0360   0.0214  -0.0233   0.0232  -0.0164   0.00    0.0
2025/03/21 00:09:49.000  -2267045.2439   5006691.6141   3225621.8314   6  19   0.0300   0.0356   0.0213  -0.0223   0.0236  -0.0161   0.00    0.0
2025/03/21 00:09:50.000  -2267045.2493   5006691.6182   3225621.8303   6  19   0.0308   0.0355   0.0210  -0.0226   0.0225  -0.0153   0.00    0.0
2025/03/21 00:09:51.000  -2267045.2518   5006691.6215   3225621.8346   6  19   0.0308   0.0357   0.0213  -0.0228   0.0235  -0.0165   0.00    0.0
2025/03/21 00:09:52.000  -2267045.2516   5006691.6207   3225621.8314   6  19   0.0300   0.0352   0.0210  -0.0226   0.0232  -0.0163   0.00    0.0
2025/03/21 00:09:53.000  -2267045.2448   5006691.6081   3225621.8266   6  19   0.0307   0.0360   0.0204  -0.0225   0.0225  -0.0157   0.00    0.0
2025/03/21 00:09:54.000  -2267045.2512   5006691.6201   3225621.8331   6  19   0.0306   0.0360   0.0214  -0.0233   0.0232  -0.0158   0.00    0.0
2025/03/21 00:09:55.000  -2267045.2508   5006691.6247   3225621.8364   6  19   0.0302   0.0357   0.0205  -0.0230   0.0231  -0.0154   0.00    0.0
2025/03/21 00:09:56.000  -2267045.2546   5006691.6279   3225621.8378   6  19   0.0302   0.0351   0.0208  -0.0229   0.0222  -0.0157   0.00    0.0
2025/03/21 00:09:57.000  -2267045.2467   5006691.6177   3225621.8280   6  19   0.0302   0.0347   0.0200  -0.0222   0.0221  -0.0154   0.00    0.0
2025/03/21 00:09:58.000  -2267045.2546   5006691.6298   3225621.8333   6  19   0.0303   0.0346   0.0208  -0.0223   0.0216  -0.0147   0.00    0.0
2025/03/21 00:09:59.000  -2267045.2515   5006691.6249   3225621.8324   6  19   0.0303   0.0356   0.0211  -0.0228   0.0226  -0.0157   0.00    0.0
2025/03/21 00:10:00.000  -2267045.2570   5006691.6297   3225621.8392   6  19   0.0304   0.0348   0.0207  -0.0218   0.0222  -0.0147   0.00    0.0
2025/03/21 00:10:01.000  -2267045.2541   5006691.6295   3225621.8402   6  19   0.0302   0.0347   0.0209  -0.0223   0.0223  -0.0152   0.00    0.0
2025/03/21 00:10:02.000  -2267045.2546   5006691.6328   3225621.8448   6  19   0.0298   0.0350   0.0208  -0.0227   0.0232  -0.0163   0.00    0.0
2025/03/21 00:10:03.000  -2267045.2570   5006691.6278   3225621.8389   6  19   0.0300   0.0348   0.0209  -0.0229   0.0224  -0.0164   0.00    0.0
2025/03/21 00:10:04.000  -2267045.2568   5006691.6280   3225621.8404   6  19   0.0296   0.0354   0.0212  -0.0222   0.0229  -0.0163   0.00    0.0
2025/03/21 00:10:05.000  -2267045.2544   5006691.6234   3225621.8376   6  19   0.0297   0.0346   0.0204  -0.0219   0.0220  -0.0148   0.00    0.0
2025/03/21 00:10:06.000  -2267045.2534   5006691.6345   3225621.8427   6  19   0.0296   0.0347   0.0209  -0.0214   0.0221  -0.0154   0.00    0.0
2025/03/21 00:10:07.000  -2267045.2514   5006691.6248   3225621.8367   6  19   0.0299   0.0346   0.0207  -0.0226   0.0218  -0.0150   0.00    0.0
2025/03/21 00:10:08.000  -2267045.2555   5006691.6292   3225621.8389   6  19   0.0292   0.0348   0.0202  -0.0217   0.0219  -0.0160   0.00    0.0
2025/03/21 00:10:09.000  -2267045.2583   5006691.6299   3225621.8446   6  19   0.0293   0.0346   0.0211  -0.0217   0.0224  -0.0150   0.00    0.0
2025/03/21 00:10:10.000  -2267045.2579   5006691.6276   3225621.8468   6  19   0.0293   0.0344   0.0209  -0.0223   0.0220  -0.0160   0.00    0.0
2025/03/21 00:10:11.000  -2267045.2670   5006691.6470   3225621.8549   6  19   0.0296   0.0335   0.0206  -0.0216   0.0227  -0.0159   0.00    0.0
2025/03/21 00:10:12.000  -2267045.2622   5006691.6380   3225621.8522   6  19   0.0298   0.0345   0.0202  -0.0226   0.0222  -0.0158   0.00    0.0
2025/03/21 00:10:13.000  -2267045.2637   5006691.6417   3225621.8553   6  19   0.0296   0.0344   0.0205  -0.0216   0.0225  -0.0154   0.00    0.0
2025/03/21 00:10:14.000  -2267045.2696   5006691.6486   3225621.8604   6  20   0.0293   0.0348   0.0208  -0.0219   0.0222  -0.0159   0.00    0.0
2025/03/21 00:10:15.000  -2267045.2667   5006691.6452   3225621.8577   6  20   0.0296   0.0343   0.0209  -0.0225   0.0217  -0.0153   0.00    0.0
2025/03/21 00:10:16.000  -2267045.2662   5006691.6467   3225621.8573   6  20   0.0293   0.0342   0.0206  -0.0228   0.0213  -0.0155   0.00    0.0
2025/03/21 00:10:17.000  -2267045.2648   5006691.6427   3225621.8621   6  20   0.0286   0.0334   0.0203  -0.0219   0.0215  -0.0155   0.00    0.0
2025/03/21 00:10:18.000  -2267045.2648   5006691.6433   3225621.8628   6  20   0.0284   0.0344   0.0200  -0.0219   0.0218  -0.0162   0.00    0.0
2025/03/21 00:10:19.000  -2267045.2651   5006691.6506   3225621.8652   6  20   0.0290   0.0341   0.0202  -0.0218   0.0216  -0.0152   0.00    0.0
2025/03/21 00:10:20.000  -2267045.2697   5006691.6451   3225621.8647   6  20   0.0288   0.0335   0.0205  -0.0213   0.0218  -0.0151   0.00    0.0
2025/03/21 00:10:21.000  -2267045.2660   5006691.6440   3225621.8578   6  20   0.0287   0.0333   0.0193  -0.0208   0.0211  -0.0149   0.00    0.0
2025/03/21 00:10:22.000  -2267045.2699   5006691.6483   3225621.8680   6  20   0.0289   0.0334   0.0198  -0.0215   0.0216  -0.0157   0.00    0.0
2025/03/21 00:10:23.000  -2267045.2648   5006691.6474   3225621.8618   6  20   0.0286   0.0344   0.0204  -0.0214   0.0218  -0.0148   0.00    0.0
2025/03/21 00:10:24.000  -2267045.2704   5006691.6557   3225621.8741   6  20   0.0285   0.0338   0.0198  -0.0214   0.0215  -0.0145   0.00    0.0
2025/03/21 00:10:25.000  -2267045.2726   5006691.6553   3225621.8719   6  19   0.0286   0.0343   0.0205  -0.0219   0.0218  -0.0152   0.00    0.0
2025/03/21 00:10:26.000  -2267045.2700   5006691.6478   3225621.8688   6  19   0.0288   0.0334   0.0195  -0.0206   0.0208  -0.0148   0.00    0.0
2025/03/21 00:10:27.000  -2267045.2689   5006691.6510   3225621.8684   6  19   0.0280   0.0333   0.0201  -0.0213   0.0219  -0.0160   0.00    0.0
2025/03/21 00:10:28.000  -2267045.2708   5006691.6523   3225621.8740   6  19   0.0277   0.0332   0.0197  -0.0208   0.0219  -0.0153   0.00    0.0
2025/03/21 00:10:29.000  -2267045.2709   5006691.6485   3225621.8742   6  19   0.0285   0.0331   0.0192  -0.0223   0.0207  -0.0151   0.00    0.0
2025/03/21 00:10:30.000  -2267045.2679   5006691.6454   3225621.8672   6  19   0.0284   0.0334   0.0205  -0.0212   0.0216  -0.0156   0.00    0.0
2025/03/21 00:10:31.000  -2267045.2679   5006691.6472   3225621.8771   6  19   0.0276   0.0332   0.0193  -0.0210   0.0211  -0.0154   0.00    0.0
2025/03/21 00:10:32.000  -2267045.2699   5006691.6489   3225621.8748   6  19   0.0286   0.0333   0.0202  -0.0216   0.0216  -0.0146   0.00    0.0
2025/03/21 00:10:33.000  -2267045.2662   5006691.6485   3225621.8764   6  19   0.0280   0.0332   0.0202  -0.0211   0.0221  -0.0152   0.00    0.0
2025/03/21 00:10:34.000  -2267045.2680   5006691.6507   3225621.8762   6  19   0.0276   0.0321   0.0193  -0.0204   0.0198  -0.0143   0.00    0.0
2025/03/21 00:10:35.000  -2267045.2678   5006691.6504   3225621.8782   6  19   0.0280   0.0332   0.0195  -0.0209   0.0214  -0.0149   0.00    0.0
2025/03/21 00:10:36.000  -2267045.2661   5006691.6429   3225621.8713   6  19   0.0279   0.0328   0.0195  -0.0210   0.0210  -0.0133   0.00    0.0
2025/03/21 00:10:37.000  -2267045.2665   5006691.6521   3225621.8787   6  19   0.0278   0.0324   0.0193  -0.0208   0.0204  -0.0143   0.00    0.0
2025/03/21 00:10:38.000  -2267045.2596   5006691.6489   3225621.8797   6  19   0.0277   0.0332   0.0193  -0.0208   0.0212  -0.0146   0.00    0.0
2025/03/21 00:10:39.000  -2267045.2689   5006691.6475   3225621.8741   6  19   0.0279   0.0327   0.0197  -0.0213   0.0212  -0.0145   0.00    0.0
2025/03/21 00:10:40.000  -2267045.2719   5006691.6509   3225621.8813   6  19   0.0279   0.0329   0.0201  -0.0205   0.0211  -0.0144   0.00    0.0
2025/03/21 00:10:41.000  -2267045.2716   5006691.6538   3225621.8767   6  19   0.0274   0.0330   0.0197  -0.0204   0.0214  -0.0152   0.00    0.0
2025/03/21 00:10:42.000  -2267045.2697   5006691.6470   3225621.8801   6  19   0.0277   0.0325   0.0195  -0.0212   0.0204  -0.0145   0.00    0.0
2025/03/21 00:10:43.000  -2267045.2686   5006691.6494   3225621.8803   6  19   0.0278   0.0328   0.0201  -0.0207   0.0210  -0.0151   0.00    0.0
2025/03/21 00:10:44.000  -2267045.2617   5006691.6549   3225621.8843   6  19   0.0275   0.0322   0.0186  -0.0201   0.0199  -0.0129   0.00    0.0
2025/03/21 00:10:45.000  -2267045.2696   5006691.6552   3225621.8827   6  19   0.0274   0.0328   0.0203  -0.0206   0.0212  -0.0152   0.00    0.0
2025/03/21 00:10:46.000  -2267045.2669   5006691.6530   3225621.8760   6  19   0.0276   0.0323   0.0202  -0.0210   0.0216  -0.0151   0.00    0.0
2025/03/21 00:10:47.000  -2267045.2662   5006691.6489   3225621.8763   6  19   0.0269   0.0319   0.0191  -0.0197   0.0202  -0.0144   0.00    0.0
2025/03/21 00:10:48.000  -2267045.2685   5006691.6521   3225621.8763   6  19   0.0271   0.0323   0.0195  -0.0204   0.0211  -0.0137   0.00    0.0
2025/03/21 00:10:49.000  -2267045.2679   5006691.6508   3225621.8820   6  19   0.0270   0.0323   0.0194  -0.0206   0.0212  -0.0149   0.00    0.0
2025/03/21 00:10:50.000  -2267045.2621   5006691.6569   3225621.8822   6  19   0.0269   0.0323   0.0194  -0.0206   0.0215  -0.0143   0.00    0.0
2025/03/21 00:10:51.000  -2267045.2678   5006691.6555   3225621.8765   6  19   0.0269   0.0326   0.0191  -0.0204   0.0210  -0.0147   0.00    0.0
2025/03/21 00:10:52.000  -2267045.2709   5006691.6552   3225621.8789   6  19   0.0270   0.0318   0.0187  -0.0195   0.0196  -0.0135   0.00    0.0
2025/03/21 00:10:53.000  -2267045.2726   5006691.6554   3225621.8765   6  19   0.0266   0.0319   0.0197  -0.0207   0.0213  -0.0143   0.00    0.0
2025/03/21 00:10:54.000  -2267045.2716   5006691.6637   3225621.8793   6  19   0.0274   0.0316   0.0197  -0.0198   0.0200  -0.0138   0.00    0.0
2025/03/21 00:10:55.000  -2267045.2721   5006691.6579   3225621.8771   6  19   0.0264   0.0321   0.0190  -0.0201   0.0214  -0.0146   0.00    0.0
2025/03/21 00:10:56.000  -2267045.2725   5006691.6638   3225621.8864   6  20   0.0269   0.0320   0.0181  -0.0209   0.0201  -0.0133   0.00    0.0
2025/03/21 00:10:57.000  -2267045.2766   5006691.6639   3225621.8804   6  20   0.0267   0.0315   0.0190  -0.0201   0.0203  -0.0135   0.00    0.0
2025/03/21 00:10:58.000  -2267045.2780   5006691.6653   3225621.8862   6  20   0.0265   0.0314   0.0197  -0.0198   0.0203  -0.0145   0.00    0.0
2025/03/21 00:10:59.000  -2267045.2785   5006691.6660   3225621.8843   6  20   0.0265   0.0309   0.0194  -0.0200   0.0205  -0.0142   0.00    0.0
2025/03/21 00:11:00.000  -2267045.2795   5006691.6651   3225621.8810   6  19   0.0262   0.0316   0.0187  -0.0200   0.0207  -0.0145   0.00    0.0
2025/03/21 00:11:01.000  -2267045.2759   5006691.6655   3225621.8854   6  19   0.0266   0.0320   0.0192  -0.0205   0.0203  -0.0148   0.00    0.0
2025/03/21 00:11:02.000  -2267045.2768   5006691.6646   3225621.8851   6  19   0.0270   0.0309   0.0195  -0.0203   0.0202  -0.0146   0.00    0.0
2025/03/21 00:11:03.000  -2267045.2814   5006691.6729   3225621.8906   6  19   0.0263   0.0309   0.0189  -0.0195   0.0198  -0.0142   0.00    0.0
2025/03/21 00:11:04.000  -2267045.2827   5006691.6733   3225621.8883   6  19   0.0267   0.0319   0.0192  -0.0203   0.0214  -0.0148   0.00    0.0
2025/03/21 00:11:05.000  -2267045.2783   5006691.6750   3225621.8862   6  19   0.0261   0.0325   0.0194  -0.0202   0.0209  -0.0140   0.00    0.0
2025/03/21 00:11:06.000  -2267045.2809   5006691.6711   3225621.8881   6  19   0.0267   0.0312   0.0191  -0.0203   0.0203  -0.0145   0.00    0.0
2025/03/21 00:11:07.000  -2267045.2758   5006691.6693   3225621.8868   6  19   0.0261   0.0308   0.0191  -0.0203   0.0200  -0.0147   0.00    0.0
2025/03/21 00:11:08.000  -2267045.2787   5006691.6717   3225621.8906   6  19   0.0265   0.0303   0.0188  -0.0202   0.0200  -0.0145   0.00    0.0
2025/03/21 00:11:09.000  -2267045.2749   5006691.6641   3225621.8859   6  19   0.0261   0.0297   0.0185  -0.0202   0.0193  -0.0135   0.00    0.0
2025/03/21 00:11:10.000  -2267045.2761   5006691.6624   3225621.8864   6  19   0.0264   0.0305   0.0190  -0.0199   0.0197  -0.0137   0.00    0.0
2025/03/21 00:11:11.000  -2267045.2751   5006691.6700   3225621.8853   6  19   0.0259   0.0311   0.0189  -0.0200   0.0200  -0.0146   0.00    0.0
2025/03/21 00:11:12.000  -2267045.2743   5006691.6656   3225621.8890   6  19   0.0255   0.0314   0.0188  -0.0197   0.0205  -0.0147   0.00    0.0
2025/03/21 00:11:13.000  -2267045.2723   5006691.6688   3225621.8859   6  19   0.0256   0.0307   0.0186  -0.0187   0.0205  -0.0131   0.00    0.0
2025/03/21 00:11:14.000  -2267045.2762   5006691.6596   3225621.8827   6  19   0.0259   0.0312   0.0190  -0.0195   0.0207  -0.0142   0.00    0.0
2025/03/21 00:11:15.000  -2267045.2741   5006691.6672   3225621.8869   6  19   0.0256   0.0315   0.0189  -0.0194   0.0204  -0.0143   0.00    0.0
2025/03/21 00:11:16.000  -2267045.2743   5006691.6703   3225621.8891   6  19   0.0262   0.0308   0.0193  -0.0199   0.0203  -0.0142   0.00    0.0
2025/03/21 00:11:17.000  -2267045.2744   5006691.6627   3225621.8857   6  19   0.0258   0.0306   0.0182  -0.0196   0.0193  -0.0128   0.00    0.0
2025/03/21 00:11:18.000  -2267045.2703   5006691.6609   3225621.8873   6  19   0.0260   0.0317   0.0185  -0.0199   0.0198  -0.0132   0.00    0.0
2025/03/21 00:11:19.000  -2267045.2734   5006691.6672   3225621.8884   6  19   0.0260   0.0313   0.0187  -0.0200   0.0199  -0.0129   0.00    0.0
2025/03/21 00:11:20.000  -2267045.2772   5006691.6620   3225621.8859   6  19   0.0252   0.0297   0.0171  -0.0187   0.0189  -0.0133   0.00    0.0
2025/03/21 00:11:21.000  -2267045.2690   5006691.6606   3225621.8837   6  19   0.0258   0.0308   0.0186  -0.0192   0.0204  -0.0139   0.00    0.0
2025/03/21 00:11:22.000  -2267045.2671   5006691.6558   3225621.8824   6  19   0.0254   0.0302   0.0187  -0.0187   0.0196  -0.0139   0.00    0.0
2025/03/21 00:11:23.000  -2267045.2711   5006691.6656   3225621.8863   6  19   0.0255   0.0304   0.0190  -0.0190   0.0203  -0.0138   0.00    0.0
2025/03/21 00:11:24.000  -2267045.2641   5006691.6515   3225621.8816   6  19   0.0248   0.0315   0.0182  -0.0187   0.0207  -0.0132   0.00    0.0
2025/03/21 00:11:25.000  -2267045.2657   5006691.6502   3225621.8846   6  19   0.0254   0.0299   0.0182  -0.0194   0.0194  -0.0132   0.00    0.0
2025/03/21 00:11:26.000  -2267045.2767   5006691.6583   3225621.8823   6  19   0.0253   0.0309   0.0180  -0.0186   0.0193  -0.0138   0.00    0.0
2025/03/21 00:11:27.000  -2267045.2680   5006691.6519   3225621.8824   6  19   0.0250   0.0314   0.0194  -0.0199   0.0213  -0.0145   0.00    0.0
2025/03/21 00:11:28.000  -2267045.2654   5006691.6505   3225621.8787   6  19   0.0255   0.0309   0.0187  -0.0196   0.0196  -0.0143   0.00    0.0
2025/03/21 00:11:29.000  -2267045.2644   5006691.6495   3225621.8762   6  19   0.0254   0.0303   0.0183  -0.0188   0.0196  -0.0137   0.00    0.0
2025/03/21 00:11:30.000  -2267045.2641   5006691.6502   3225621.8785   6  19   0.0254   0.0303   0.0180  -0.0196   0.0190  -0.0133   0.00    0.0
2025/03/21 00:11:31.000  -2267045.2649   5006691.6485   3225621.8789   6  19   0.0253   0.0304   0.0185  -0.0194   0.0195  -0.0133   0.00    0.0
2025/03/21 00:11:32.000  -2267045.2618   5006691.6417   3225621.8725   6  19   0.0245   0.0303   0.0180  -0.0195   0.0191  -0.0142   0.00    0.0
2025/03/21 00:11:33.000  -2267045.2659   5006691.6504   3225621.8762   6  19   0.0247   0.0310   0.0187  -0.0191   0.0207  -0.0139   0.00    0.0
2025/03/21 00:11:34.000  -2267045.2628   5006691.6432   3225621.8755   6  19   0.0248   0.0305   0.0182  -0.0189   0.0200  -0.0136   0.00    0.0
2025/03/21 00:11:35.000  -2267045.2649   5006691.6457   3225621.8716   6  19   0.0249   0.0300   0.0184  -0.0192   0.0199  -0.0141   0.00    0.0
2025/03/21 00:11:36.000  -2267045.2659   5006691.6407   3225621.8729   6  20   0.0250   0.0297   0.0190  -0.0200   0.0200  -0.0130   0.00    0.0
2025/03/21 00:11:37.000  -2267045.2597   5006691.6357   3225621.8655   6  20   0.0247   0.0303   0.0175  -0.0189   0.0197  -0.0136   0.00    0.0
2025/03/21 00:11:38.000  -2267045.2594   5006691.6418   3225621.8660   6  20   0.0249   0.0293   0.0181  -0.0187   0.0193  -0.0133   0.00    0.0
2025/03/21 00:11:39.000  -2267045.2627   5006691.6386   3225621.8681   6  20   0.0249   0.0297   0.0186  -0.0190   0.0195  -0.0133   0.00    0.0
2025/03/21 00:11:40.000  -2267045.2640   5006691.6504   3225621.8746   6  19   0.0247   0.0296   0.0179  -0.0183   0.0196  -0.0129   0.00    0.0
2025/03/21 00:11:41.000  -2267045.2643   5006691.6445   3225621.8727   6  19   0.0251   0.0298   0.0192  -0.0198   0.0208  -0.0142   0.00    0.0
2025/03/21 00:11:42.000  -2267045.2648   5006691.6429   3225621.8751   6  19   0.0246   0.0292   0.0177  -0.0184   0.0186  -0.0135   0.00    0.0
2025/03/21 00:11:43.000  -2267045.2618   5006691.6336   3225621.8712   6  19   0.0246   0.0296   0.0185  -0.0185   0.0193  -0.0139   0.00    0.0
2025/03/21 00:11:44.000  -2267045.2598   5006691.6327   3225621.8626   6  19   0.0249   0.0295   0.0186  -0.0190   0.0196  -0.0137   0.00    0.0
2025/03/21 00:11:45.000  -2267045.2635   5006691.6434   3225621.8675   6  19   0.0243   0.0295   0.0179  -0.0191   0.0189  -0.0137   0.00    0.0
2025/03/21 00:11:46.000  -2267045.2649   5006691.6488   3225621.8723   6  19   0.0240   0.0299   0.0178  -0.0189   0.0195  -0.0119   0.00    0.0
2025/03/21 00:11:47.000  -2267045.2680   5006691.6534   3225621.8796   6  19   0.0247   0.0287   0.0176  -0.0180   0.0185  -0.0126   0.00    0.0
2025/03/21 00:11:48.000  -2267045.2655   5006691.6478   3225621.8754   6  19   0.0240   0.0293   0.0186  -0.0191   0.0195  -0.0146   0.00    0.0
2025/03/21 00:11:49.000  -2267045.2667   5006691.6441   3225621.8754   6  19   0.0242   0.0293   0.0178  -0.0186   0.0193  -0.0132   0.00    0.0
2025/03/21 00:11:50.000  -2267045.2715   5006691.6456   3225621.8706   6  19   0.0237   0.0291   0.0177  -0.0173   0.0194  -0.0126   0.00    0.0
2025/03/21 00:11:51.000  -2267045.2679   5006691.6517   3225621.8756   6  19   0.0241   0.0293   0.0184  -0.0187   0.0188  -0.0132   0.00    0.0
2025/03/21 00:11:52.000  -2267045.2628   5006691.6390   3225621.8725   6  19   0.0238   0.0288   0.0175  -0.0184   0.0193  -0.0131   0.00    0.0
2025/03/21 00:11:53.000  -2267045.2655   5006691.6465   3225621.8775   6  19   0.0238   0.0285   0.0169  -0.0175   0.0180  -0.0119   0.00    0.0
2025/03/21 00:11:54.000  -2267045.2646   5006691.6502   3225621.8764   6  19   0.0245   0.0284   0.0174  -0.0189   0.0183  -0.0128   0.00    0.0
2025/03/21 00:11:55.000  -2267045.2580   5006691.6362   3225621.8695   6  19   0.0237   0.0287   0.0182  -0.0181   0.0195  -0.0137   0.00    0.0
2025/03/21 00:11:56.000  -2267045.2555   5006691.6286   3225621.8644   6  19   0.0237   0.0298   0.0176  -0.0185   0.0193  -0.0127   0.00    0.0
2025/03/21 00:11:57.000  -2267045.2566   5006691.6333   3225621.8624   6  19   0.0237   0.0295   0.0182  -0.0174   0.0189  -0.0126   0.00    0.0
2025/03/21 00:11:58.000  -2267045.2597   5006691.6311   3225621.8672   6  19   0.0239   0.0300   0.0180  -0.0189   0.0187  -0.0134   0.00    0.0
2025/03/21 00:11:59.000  -2267045.2506   5006691.6149   3225621.8589   6  19   0.0237   0.0288   0.0179  -0.0181   0.0181  -0.0132   0.00    0.0
2025/03/21 00:12:00.000  -2267045.2512   5006691.6219   3225621.8567   6  19   0.0241   0.0293   0.0173  -0.0188   0.0183  -0.0126   0.00    0.0
2025/03/21 00:12:01.000  -2267045.2570   5006691.6252   3225621.8643   6  19   0.0237   0.0295   0.0176  -0.0177   0.0199  -0.0137   0.00    0.0
2025/03/21 00:12:02.000  -2267045.2574   5006691.6257   3225621.8630   6  19   0.0234   0.0294   0.0173  -0.0191   0.0181  -0.0126   0.00    0.0
2025/03/21 00:12:03.000  -2267045.2538   5006691.6222   3225621.8601   6  19   0.0238   0.0290   0.0182  -0.0185   0.0191  -0.0133   0.00    0.0
2025/03/21 00:12:04.000  -2267045.2547   5006691.6187   3225621.8582   6  19   0.0240   0.0291   0.0178  -0.0181   0.0192  -0.0129   0.00    0.0
2025/03/21 00:12:05.000  -2267045.2524   5006691.6187   3225621.8576   6  19   0.0234   0.0297   0.0184  -0.0187   0.0195  -0.0131   0.00    0.0
2025/03/21 00:12:06.000  -2267045.2533   5006691.6161   3225621.8560   6  19   0.0243   0.0290   0.0172  -0.0189   0.0194  -0.0122   0.00    0.0
2025/03/21 00:12:07.000  -2267045.2565   5006691.6224   3225621.8635   6  19   0.0238   0.0284   0.0168  -0.0185   0.0182  -0.0127   0.00    0.0
2025/03/21 00:12:08.000  -2267045.2542   5006691.6211   3225621.8595   6  19   0.0239   0.0295   0.0179  -0.0190   0.0191  -0.0134   0.00    0.0
2025/03/21 00:12:09.000  -2267045.2598   5006691.6243   3225621.8603   6  20   0.0235   0.0282   0.0170  -0.0187   0.0193  -0.0130   0.00    0.0
2025/03/21 00:12:10.000  -2267045.2579   5006691.6240   3225621.8633   6  20   0.0228   0.0288   0.0179  -0.0184   0.0186  -0.0128   0.00    0.0
2025/03/21 00:12:11.000  -2267045.2563   5006691.6192   3225621.8583   6  20   0.0237   0.0285   0.0180  -0.0183   0.0188  -0.0127   0.00    0.0
2025/03/21 00:12:12.000  -2267045.2583   5006691.6190   3225621.8542   6  20   0.0232   0.0280   0.0170  -0.0178   0.0177  -0.0127   0.00    0.0
2025/03/21 00:12:13.000  -2267045.2603   5006691.6166   3225621.8552   6  20   0.0235   0.0285   0.0172  -0.0186   0.0182  -0.0133   0.00    0.0
2025/03/21 00:12:14.000  -2267045.2506   5006691.6217   3225621.8552   6  20   0.0234   0.0291   0.0177  -0.0186   0.0188  -0.0127   0.00    0.0
2025/03/21 00:12:15.000  -2267045.2552   5006691.6092   3225621.8503   6  20   0.0229   0.0293   0.0177  -0.0180   0.0193  -0.0126   0.00    0.0
2025/03/21 00:12:16.000  -2267045.2587   5006691.6117   3225621.8545   6  20   0.0227   0.0288   0.0178  -0.0177   0.0187  -0.0126   0.00    0.0
2025/03/21 00:12:17.000  -2267045.2623   5006691.6159   3225621.8578   6  20   0.0231   0.0279   0.0170  -0.0176   0.0182  -0.0123   0.00    0.0
2025/03/21 00:12:18.000  -2267045.2600   5006691.6133   3225621.8562   6  20   0.0230   0.0281   0.0171  -0.0179   0.0178  -0.0119   0.00    0.0
2025/03/21 00:12:19.000  -2267045.2597   5006691.6122   3225621.8502   6  20   0.0232   0.0287   0.0176  -0.0182   0.0181  -0.0125   0.00    0.0
2025/03/21 00:12:20.000  -2267045.2491   5006691.5974   3225621.8429   6  20   0.0230   0.0284   0.0176  -0.0166   0.0184  -0.0123   0.00    0.0
2025/03/21 00:12:21.000  -2267045.2531   5006691.6010   3225621.8416   6  20   0.0233   0.0291   0.0177  -0.0174   0.0191  -0.0124   0.00    0.0
2025/03/21 00:12:22.000  -2267045.2533   5006691.6002   3225621.8402   6  20   0.0226   0.0282   0.0179  -0.0178   0.0183  -0.0130   0.00    0.0
2025/03/21 00:12:23.000  -2267045.2609   5006691.6063   3225621.8443   6  20   0.0227   0.0274   0.0175  -0.0173   0.0185  -0.0123   0.00    0.0
2025/03/21 00:12:24.000  -2267045.2582   5006691.6014   3225621.8406   6  20   0.0234   0.0276   0.0173  -0.0183   0.0181  -0.0124   0.00    0.0
2025/03/21 00:12:25.000  -2267045.2565   5006691.6041   3225621.8406   6  20   0.0224   0.0270   0.0177  -0.0179   0.0188  -0.0130   0.00    0.0
2025/03/21 00:12:26.000  -2267045.2564   5006691.6048   3225621.8358   6  20   0.0224   0.0279   0.0176  -0.0167   0.0189  -0.0125   0.00    0.0
2025/03/21 00:12:27.000  -2267045.2567   5006691.6039   3225621.8407   6  20   0.0229   0.0278   0.0172  -0.0178   0.0178  -0.0117   0.00    0.0
2025/03/21 00:12:28.000  -2267045.2537   5006691.6060   3225621.8390   6  20   0.0228   0.0279   0.0180  -0.0178   0.0183  -0.0125   0.00    0.0
2025/03/21 00:12:29.000  -2267045.2531   5006691.5985   3225621.8367   6  19   0.0224   0.0283   0.0174  -0.0170   0.0180  -0.0126   0.00    0.0
2025/03/21 00:12:30.000  -2267045.2544   5006691.6043   3225621.8406   6  19   0.0229   0.0285   0.0174  -0.0177   0.0186  -0.0123   0.00    0.0
2025/03/21 00:12:31.000  -2267045.2531   5006691.5969   3225621.8334   6  19   0.0226   0.0283   0.0182  -0.0173   0.0192  -0.0126   0.00    0.0
2025/03/21 00:12:32.000  -2267045.2543   5006691.6049   3225621.8343   6  19   0.0224   0.0285   0.0169  -0.0175   0.0180  -0.0120   0.00    0.0
2025/03/21 00:12:33.000  -2267045.2589   5006691.6117   3225621.8394   6  19   0.0225   0.0273   0.0169  -0.0173   0.0176  -0.0122   0.00    0.0
2025/03/21 00:12:34.000  -2267045.2585   5006691.6101   3225621.8396   6  19   0.0226   0.0277   0.0169  -0.0177   0.0182  -0.0123   0.00    0.0
2025/03/21 00:12:35.000  -2267045.2632   5006691.6216   3225621.8447   6  19   0.0223   0.0274   0.0171  -0.0176   0.0185  -0.0128   0.00    0.0
2025/03/21 00:12:36.000  -2267045.2611   5006691.6130   3225621.8392   6  19   0.0227   0.0273   0.0172  -0.0173   0.0174  -0.0114   0.00    0.0
2025/03/21 00:12:37.000  -2267045.2593   5006691.6172   3225621.8429   6  19   0.0229   0.0269   0.0168  -0.0165   0.0180  -0.0113   0.00    0.0
2025/03/21 00:12:38.000  -2267045.2600   5006691.6204   3225621.8434   6  19   0.0225   0.0274   0.0177  -0.0184   0.0190  -0.0133   0.00    0.0
2025/03/21 00:12:39.000  -2267045.2574   5006691.6137   3225621.8339   6  19   0.0224   0.0281   0.0179  -0.0172   0.0183  -0.0131   0.00    0.0
2025/03/21 00:12:40.000  -2267045.2607   5006691.6107   3225621.8383   6  19   0.0226   0.0279   0.0173  -0.0176   0.0187  -0.0127   0.00    0.0
2025/03/21 00:12:41.000  -2267045.2617   5006691.6201   3225621.8433   6  19   0.0224   0.0271   0.0177  -0.0171   0.0177  -0.0130   0.00    0.0
2025/03/21 00:12:42.000  -2267045.2557   5006691.6116   3225621.8390   6  19   0.0226   0.0270   0.0171  -0.0164   0.0179  -0.0121   0.00    0.0
2025/03/21 00:12:43.000  -2267045.2598   5006691.6160   3225621.8408   6  19   0.0226   0.0283   0.0167  -0.0175   0.0182  -0.0119   0.00    0.0
2025/03/21 00:12:44.000  -2267045.2578   5006691.6098   3225621.8392   6  19   0.0220   0.0270   0.0159  -0.0179   0.0170  -0.0127   0.00    0.0
2025/03/21 00:12:45.000  -2267045.2580   5006691.6171   3225621.8444   6  19   0.0222   0.0283   0.0180  -0.0178   0.0186  -0.0134   0.00    0.0
2025/03/21 00:12:46.000  -2267045.2501   5006691.5977   3225621.8327   6  19   0.0222   0.0271   0.0166  -0.0167   0.0179  -0.0109   0.00    0.0
2025/03/21 00:12:47.000  -2267045.2527   5006691.6011   3225621.8334   6  19   0.0226   0.0271   0.0169  -0.0177   0.0179  -0.0109   0.00    0.0
2025/03/21 00:12:48.000  -2267045.2580   5006691.6041   3225621.8378   6  19   0.0217   0.0272   0.0170  -0.0167   0.0174  -0.0116   0.00    0.0
2025/03/21 00:12:49.000  -2267045.2591   5006691.6108   3225621.8384   6  19   0.0220   0.0270   0.0178  -0.0170   0.0174  -0.0119   0.00    0.0
2025/03/21 00:12:50.000  -2267045.2548   5006691.6047   3225621.8383   6  19   0.0220   0.0280   0.0178  -0.0171   0.0180  -0.0124   0.00    0.0
2025/03/21 00:12:51.000  -2267045.2585   5006691.6063   3225621.8406   6  19   0.0216   0.0272   0.0172  -0.0163   0.0179  -0.0123   0.00    0.0
2025/03/21 00:12:52.000  -2267045.2586   5006691.6056   3225621.8364   6  20   0.0212   0.0276   0.0175  -0.0167   0.0184  -0.0127   0.00    0.0
2025/03/21 00:12:53.000  -2267045.2573   5006691.6014   3225621.8380   6  20   0.0211   0.0270   0.0162  -0.0167   0.0179  -0.0111   0.00    0.0
2025/03/21 00:12:54.000  -2267045.2562   5006691.5933   3225621.8390   6  20   0.0219   0.0262   0.0163  -0.0161   0.0175  -0.0108   0.00    0.0
2025/03/21 00:12:55.000  -2267045.2585   5006691.5977   3225621.8375   6  20   0.0222   0.0263   0.0163  -0.0173   0.0167  -0.0117   0.00    0.0
2025/03/21 00:12:56.000  -2267045.2606   5006691.5943   3225621.8316   6  20   0.0219   0.0274   0.0167  -0.0162   0.0173  -0.0110   0.00    0.0
2025/03/21 00:12:57.000  -2267045.2534   5006691.5825   3225621.8276   6  20   0.0216   0.0274   0.0163  -0.0162   0.0178  -0.0114   0.00    0.0
2025/03/21 00:12:58.000  -2267045.2550   5006691.5905   3225621.8311   6  20   0.0220   0.0267   0.0166  -0.0165   0.0171  -0.0117   0.00    0.0
2025/03/21 00:12:59.000  -2267045.2527   5006691.5852   3225621.8258   6  20   0.0223   0.0268   0.0163  -0.0173   0.0179  -0.0122   0.00    0.0
2025/03/21 00:13:00.000  -2267045.2548   5006691.5911   3225621.8311   6  20   0.0217   0.0267   0.0170  -0.0163   0.0181  -0.0121   0.00    0.0
2025/03/21 00:13:01.000  -2267045.2565   5006691.5811   3225621.8274   6  20   0.0213   0.0268   0.0171  -0.0163   0.0175  -0.0116   0.00    0.0
2025/03/21 00:13:02.000  -2267045.2575   5006691.5843   3225621.8317   6  20   0.0218   0.0277   0.0167  -0.0169   0.0181  -0.0120   0.00    0.0
2025/03/21 00:13:03.000  -2267045.2580   5006691.5855   3225621.8300   6  20   0.0215   0.0256   0.0159  -0.0170   0.0171  -0.0117   0.00    0.0
2025/03/21 00:13:04.000  -2267045.2611   5006691.5854   3225621.8305   6  20   0.0215   0.0250   0.0156  -0.0170   0.0163  -0.0106   0.00    0.0
2025/03/21 00:13:05.000  -2267045.2569   5006691.5799   3225621.8246   6  20   0.0209   0.0264   0.0170  -0.0163   0.0174  -0.0116   0.00    0.0
2025/03/21 00:13:06.000  -2267045.2558   5006691.5815   3225621.8249   6  20   0.0211   0.0263   0.0163  -0.0174   0.0173  -0.0114   0.00    0.0
2025/03/21 00:13:07.000  -2267045.2589   5006691.5875   3225621.8312   6  20   0.0209   0.0276   0.0173  -0.0163   0.0184  -0.0123   0.00    0.0
2025/03/21 00:13:08.000  -2267045.2619   5006691.5832   3225621.8176   6  20   0.0210   0.0263   0.0156  -0.0167   0.0166  -0.0116   0.00    0.0
2025/03/21 00:13:09.000  -2267045.2591   5006691.5849   3225621.8237   6  20   0.0210   0.0265   0.0171  -0.0162   0.0181  -0.0118   0.00    0.0
2025/03/21 00:13:10.000  -2267045.2571   5006691.5778   3225621.8196   6  20   0.0218   0.0262   0.0166  -0.0169   0.0178  -0.0111   0.00    0.0
2025/03/21 00:13:11.000  -2267045.2563   5006691.5772   3225621.8191   6  20   0.0209   0.0262   0.0160  -0.0151   0.0168  -0.0106   0.00    0.0
2025/03/21 00:13:12.000  -2267045.2570   5006691.5799   3225621.8209   6  20   0.0207   0.0268   0.0166  -0.0153   0.0177  -0.0120   0.00    0.0
2025/03/21 00:13:13.000  -2267045.2539   5006691.5781   3225621.8167   6  20   0.0212   0.0263   0.0163  -0.0162   0.0179  -0.0120   0.00    0.0
2025/03/21 00:13:14.000  -2267045.2590   5006691.5796   3225621.8171   6  20   0.0216   0.0255   0.0162  -0.0169   0.0172  -0.0126   0.00    0.0
2025/03/21 00:13:15.000  -2267045.2582   5006691.5778   3225621.8185   6  20   0.0212   0.0260   0.0168  -0.0154   0.0172  -0.0099   0.00    0.0
2025/03/21 00:13:16.000  -2267045.2612   5006691.5855   3225621.8259   6  19   0.0217   0.0262   0.0164  -0.0168   0.0177  -0.0124   0.00    0.0
2025/03/21 00:13:17.000  -2267045.2567   5006691.5773   3225621.8168   6  19   0.0209   0.0267   0.0161  -0.0161   0.0180  -0.0121   0.00    0.0
2025/03/21 00:13:18.000  -2267045.2613   5006691.5710   3225621.8148   6  19   0.0211   0.0267   0.0165  -0.0166   0.0177  -0.0126   0.00    0.0
2025/03/21 00:13:19.000  -2267045.2584   5006691.5814   3225621.8198   6  19   0.0210   0.0270   0.0159  -0.0165   0.0180  -0.0124   0.00    0.0
2025/03/21 00:13:20.000  -2267045.2613   5006691.5729   3225621.8129   6  19   0.0212   0.0267   0.0171  -0.0170   0.0174  -0.0119   0.00    0.0
2025/03/21 00:13:21.000  -2267045.2559   5006691.5779   3225621.8168   6  19   0.0208   0.0275   0.0171  -0.0166   0.0180  -0.0129   0.00    0.0
2025/03/21 00:13:22.000  -2267045.2595   5006691.5782   3225621.8215   6  19   0.0214   0.0260   0.0170  -0.0170   0.0178  -0.0125   0.00    0.0
2025/03/21 00:13:23.000  -2267045.2684   5006691.5873   3225621.8187   6  19   0.0213   0.0266   0.0159  -0.0172   0.0178  -0.0116   0.00    0.0
2025/03/21 00:13:24.000  -2267045.2634   5006691.5832   3225621.8225   6  19   0.0210   0.0265   0.0172  -0.0169   0.0169  -0.0123   0.00    0.0
2025/03/21 00:13:25.000  -2267045.2636   5006691.5762   3225621.8193   6  19   0.0205   0.0268   0.0175  -0.0157   0.0172  -0.0117   0.00    0.0
2025/03/21 00:13:26.000  -2267045.2641   5006691.5741   3225621.8195   6  19   0.0218   0.0266   0.0166  -0.0173   0.0174  -0.0117   0.00    0.0
2025/03/21 00:13:27.000  -2267045.2649   5006691.5803   3225621.8226   6  19   0.0207   0.0262   0.0161  -0.0151   0.0181  -0.0112   0.00    0.0
2025/03/21 00:13:28.000  -2267045.2597   5006691.5780   3225621.8211   6  19   0.0213   0.0261   0.0164  -0.0169   0.0171  -0.0118   0.00    0.0
2025/03/21 00:13:29.000  -2267045.2613   5006691.5680   3225621.8198   6  19   0.0208   0.0267   0.0165  -0.0161   0.0168  -0.0109   0.00    0.0
2025/03/21 00:13:30.000  -2267045.2600   5006691.5730   3225621.8160   6  20   0.0205   0.0263   0.0157  -0.0157   0.0173  -0.0111   0.00    0.0
2025/03/21 00:13:31.000  -2267045.2688   5006691.5788   3225621.8228   6  20   0.0204   0.0253   0.0154  -0.0163   0.0170  -0.0113   0.00    0.0
2025/03/21 00:13:32.000  -2267045.2680   5006691.5793   3225621.8218   6  20   0.0206   0.0264   0.0166  -0.0167   0.0169  -0.0121   0.00    0.0
2025/03/21 00:13:33.000  -2267045.2643   5006691.5821   3225621.8216   6  20   0.0204   0.0258   0.0166  -0.0167   0.0171  -0.0115   0.00    0.0
2025/03/21 00:13:34.000  -2267045.2589   5006691.5696   3225621.8207   6  20   0.0205   0.0259   0.0160  -0.0161   0.0166  -0.0115   0.00    0.0
2025/03/21 00:13:35.000  -2267045.2663   5006691.5787   3225621.8254   6  20   0.0202   0.0259   0.0164  -0.0158   0.0179  -0.0104   0.00    0.0
2025/03/21 00:13:36.000  -2267045.2679   5006691.5830   3225621.8244   6  20   0.0202   0.0253   0.0152  -0.0148   0.0164  -0.0106   0.00    0.0
2025/03/21 00:13:37.000  -2267045.2597   5006691.5718   3225621.8190   6  20   0.0203   0.0246   0.0153  -0.0155   0.0162  -0.0109   0.00    0.0
2025/03/21 00:13:38.000  -2267045.2662   5006691.5756   3225621.8149   6  20   0.0200   0.0253   0.0167  -0.0158   0.0173  -0.0116   0.00    0.0
2025/03/21 00:13:39.000  -2267045.2625   5006691.5713   3225621.8115   6  20   0.0203   0.0253   0.0162  -0.0161   0.0169  -0.0115   0.00    0.0
2025/03/21 00:13:40.000  -2267045.2629   5006691.5707   3225621.8149   6  20   0.0200   0.0258   0.0162  -0.0157   0.0168  -0.0113   0.00    0.0
2025/03/21 00:13:41.000  -2267045.2648   5006691.5805   3225621.8162   6  20   0.0197   0.0260   0.0156  -0.0145   0.0168  -0.0104   0.00    0.0
2025/03/21 00:13:42.000  -2267045.2638   5006691.5687   3225621.8136   6  20   0.0195   0.0246   0.0159  -0.0149   0.0165  -0.0113   0.00    0.0
2025/03/21 00:13:43.000  -2267045.2653   5006691.5759   3225621.8166   6  20   0.0210   0.0251   0.0162  -0.0158   0.0167  -0.0112   0.00    0.0
2025/03/21 00:13:44.000  -2267045.2658   5006691.5731   3225621.8112   6  20   0.0210   0.0257   0.0161  -0.0158   0.0177  -0.0113   0.00    0.0
2025/03/21 00:13:45.000  -2267045.2630   5006691.5784   3225621.8174   6  20   0.0202   0.0257   0.0164  -0.0161   0.0165  -0.0101   0.00    0.0
2025/03/21 00:13:46.000  -2267045.2615   5006691.5761   3225621.8118   6  20   0.0200   0.0246   0.0161  -0.0160   0.0162  -0.0107   0.00    0.0
2025/03/21 00:13:47.000  -2267045.2591   5006691.5699   3225621.8086   6  20   0.0195   0.0239   0.0157  -0.0157   0.0163  -0.0109   0.00    0.0
2025/03/21 00:13:48.000  -2267045.2640   5006691.5810   3225621.8120   6  20   0.0198   0.0256   0.0163  -0.0161   0.0166  -0.0118   0.00    0.0
2025/03/21 00:13:49.000  -2267045.2610   5006691.5753   3225621.8056   6  20   0.0204   0.0258   0.0162  -0.0162   0.0167  -0.0117   0.00    0.0
2025/03/21 00:13:50.000  -2267045.2616   5006691.5749   3225621.8109   6  20   0.0203   0.0244   0.0156  -0.0149   0.0162  -0.0109   0.00    0.0
2025/03/21 00:13:51.000  -2267045.2581   5006691.5752   3225621.8142   6  20   0.0201   0.0254   0.0162  -0.0154   0.0164  -0.0108   0.00    0.0
2025/03/21 00:13:52.000  -2267045.2577   5006691.5739   3225621.8101   6  20   0.0203   0.0253   0.0154  -0.0161   0.0172  -0.0113   0.00    0.0
2025/03/21 00:13:53.000  -2267045.2602   5006691.5695   3225621.8078   6  20   0.0209   0.0263   0.0160  -0.0160   0.0163  -0.0104   0.00    0.0
2025/03/21 00:13:54.000  -2267045.2581   5006691.5737   3225621.8099   6  20   0.0197   0.0250   0.0170  -0.0151   0.0173  -0.0110   0.00    0.0
2025/03/21 00:13:55.000  -2267045.2643   5006691.5794   3225621.8117   6  20   0.0198   0.0253   0.0158  -0.0159   0.0159  -0.0106   0.00    0.0
2025/03/21 00:13:56.000  -2267045.2596   5006691.5734   3225621.8131   6  20   0.0196   0.0261   0.0171  -0.0159   0.0176  -0.0112   0.00    0.0
2025/03/21 00:13:57.000  -2267045.2604   5006691.5854   3225621.8163   6  20   0.0197   0.0261   0.0161  -0.0149   0.0167  -0.0107   0.00    0.0
2025/03/21 00:13:58.000  -2267045.2635   5006691.5763   3225621.8110   6  20   0.0200   0.0250   0.0157  -0.0161   0.0166  -0.0114   0.00    0.0
2025/03/21 00:13:59.000  -2267045.2608   5006691.5812   3225621.8184   6  20   0.0198   0.0249   0.0150  -0.0157   0.0158  -0.0107   0.00    0.0
2025/03/21 00:14:00.000  -2267045.2611   5006691.5846   3225621.8183   6  20   0.0201   0.0250   0.0158  -0.0144   0.0172  -0.0115   0.00    0.0
2025/03/21 00:14:01.000  -2267045.2648   5006691.5843   3225621.8202   6  20   0.0196   0.0250   0.0156  -0.0155   0.0166  -0.0109   0.00    0.0
2025/03/21 00:14:02.000  -2267045.2585   5006691.5767   3225621.8177   6  20   0.0199   0.0246   0.0157  -0.0154   0.0175  -0.0111   0.00    0.0
2025/03/21 00:14:03.000  -2267045.2607   5006691.5822   3225621.8179   6  20   0.0198   0.0263   0.0154  -0.0154   0.0168  -0.0116   0.00    0.0
2025/03/21 00:14:04.000  -2267045.2602   5006691.5821   3225621.8208   6  20   0.0194   0.0247   0.0159  -0.0154   0.0154  -0.0106   0.00    0.0
2025/03/21 00:14:05.000  -2267045.2628   5006691.5863   3225621.8220   6  20   0.0197   0.0254   0.0169  -0.0151   0.0166  -0.0104   0.00    0.0
2025/03/21 00:14:06.000  -2267045.2608   5006691.5848   3225621.8235   6  20   0.0194   0.0254   0.0146  -0.0161   0.0167  -0.0113   0.00    0.0
2025/03/21 00:14:07.000  -2267045.2690   5006691.5908   3225621.8257   6  20   0.0192   0.0249   0.0152  -0.0147   0.0166  -0.0109   0.00    0.0
2025/03/21 00:14:08.000  -2267045.2620   5006691.5869   3225621.8284   6  20   0.0188   0.0252   0.0163  -0.0155   0.0164  -0.0118   0.00    0.0
2025/03/21 00:14:09.000  -2267045.2660   5006691.5842   3225621.8204   6  20   0.0196   0.0252   0.0160  -0.0147   0.0169  -0.0103   0.00    0.0
2025/03/21 00:14:10.000  -2267045.2693   5006691.5898   3225621.8266   6  20   0.0196   0.0254   0.0149  -0.0153   0.0167  -0.0106   0.00    0.0
2025/03/21 00:14:11.000  -2267045.2694   5006691.5973   3225621.8324   6  20   0.0193   0.0255   0.0154  -0.0149   0.0167  -0.0103   0.00    0.0
2025/03/21 00:14:12.000  -2267045.2712   5006691.5933   3225621.8310   6  20   0.0193   0.0242   0.0163  -0.0150   0.0167  -0.0099   0.00    0.0
2025/03/21 00:14:13.000  -2267045.2703   5006691.5891   3225621.8288   6  20   0.0184   0.0245   0.0163  -0.0148   0.0165  -0.0120   0.00    0.0
2025/03/21 00:14:14.000  -2267045.2684   5006691.5931   3225621.8277   6  20   0.0195   0.0255   0.0162  -0.0155   0.0169  -0.0112   0.00    0.0
2025/03/21 00:14:15.000  -2267045.2698   5006691.5872   3225621.8241   6  20   0.0197   0.0251   0.0154  -0.0162   0.0166  -0.0111   0.00    0.0
2025/03/21 00:14:16.000  -2267045.2695   5006691.5932   3225621.8266   6  20   0.0190   0.0245   0.0162  -0.0159   0.0158  -0.0117   0.00    0.0
2025/03/21 00:14:17.000  -2267045.2724   5006691.5967   3225621.8339   6  20   0.0197   0.0246   0.0156  -0.0157   0.0162  -0.0106   0.00    0.0
2025/03/21 00:14:18.000  -2267045.2703   5006691.5957   3225621.8240   6  20   0.0195   0.0255   0.0168  -0.0156   0.0164  -0.0106   0.00    0.0
2025/03/21 00:14:19.000  -2267045.2731   5006691.5975   3225621.8236   6  20   0.0192   0.0245   0.0157  -0.0159   0.0163  -0.0103   0.00    0.0
2025/03/21 00:14:20.000  -2267045.2730   5006691.5893   3225621.8184   6  20   0.0186   0.0251   0.0153  -0.0144   0.0153  -0.0100   0.00    0.0
2025/03/21 00:14:21.000  -2267045.2747   5006691.5897   3225621.8253   6  20   0.0197   0.0245   0.0156  -0.0167   0.0162  -0.0114   0.00    0.0
2025/03/21 00:14:22.000  -2267045.2717   5006691.5844   3225621.8197   6  20   0.0190   0.0249   0.0160  -0.0154   0.0158  -0.0106   0.00    0.0
2025/03/21 00:14:23.000  -2267045.2672   5006691.5844   3225621.8158   6  20   0.0191   0.0242   0.0159  -0.0142   0.0166  -0.0104   0.00    0.0
2025/03/21 00:14:24.000  -2267045.2726   5006691.5881   3225621.8213   6  20   0.0193   0.0246   0.0155  -0.0165   0.0166  -0.0112   0.00    0.0
2025/03/21 00:14:25.000  -2267045.2662   5006691.5814   3225621.8149   6  20   0.0196   0.0244   0.0161  -0.0155   0.0165  -0.0111   0.00    0.0
2025/03/21 00:14:26.000  -2267045.2719   5006691.5913   3225621.8242   6  20   0.0194   0.0243   0.0153  -0.0161   0.0164  -0.0109   0.00    0.0
2025/03/21 00:14:27.000  -2267045.2688   5006691.5839   3225621.8218   6  20   0.0191   0.0248   0.0153  -0.0145   0.0163  -0.0091   0.00    0.0
2025/03/21 00:14:28.000  -2267045.2666   5006691.5879   3225621.8130   6  20   0.0188   0.0256   0.0155  -0.0143   0.0168  -0.0097   0.00    0.0
2025/03/21 00:14:29.000  -2267045.2660   5006691.5821   3225621.8138   6  20   0.0184   0.0244   0.0155  -0.0143   0.0161  -0.0097   0.00    0.0
2025/03/21 00:14:30.000  -2267045.2686   5006691.5893   3225621.8150   6  20   0.0191   0.0234   0.0156  -0.0154   0.0157  -0.0111   0.00    0.0
2025/03/21 00:14:31.000  -2267045.2679   5006691.5987   3225621.8134   6  20   0.0184   0.0243   0.0159  -0.0137   0.0156  -0.0098   0.00    0.0
2025/03/21 00:14:32.000  -2267045.2649   5006691.5943   3225621.8189   6  20   0.0188   0.0246   0.0155  -0.0148   0.0162  -0.0105   0.00    0.0
2025/03/21 00:14:33.000  -2267045.2700   5006691.5974   3225621.8196   6  20   0.0185   0.0242   0.0158  -0.0150   0.0166  -0.0114   0.00    0.0
2025/03/21 00:14:34.000  -2267045.2667   5006691.5922   3225621.8178   6  20   0.0187   0.0247   0.0154  -0.0151   0.0164  -0.0114   0.00    0.0
2025/03/21 00:14:35.000  -2267045.2639   5006691.5923   3225621.8142   6  20   0.0192   0.0240   0.0150  -0.0150   0.0156  -0.0094   0.00    0.0
2025/03/21 00:14:36.000  -2267045.2660   5006691.5930   3225621.8172   6  20   0.0194   0.0242   0.0153  -0.0154   0.0156  -0.0109   0.00    0.0
2025/03/21 00:14:37.000  -2267045.2654   5006691.5965   3225621.8225   6  20   0.0189   0.0239   0.0150  -0.0152   0.0162  -0.0106   0.00    0.0
2025/03/21 00:14:38.000  -2267045.2666   5006691.6002   3225621.8254   6  20   0.0187   0.0243   0.0153  -0.0143   0.0162  -0.0095   0.00    0.0
2025/03/21 00:14:39.000  -2267045.2675   5006691.5917   3225621.8257   6  20   0.0179   0.0247   0.0162  -0.0153   0.0168  -0.0121   0.00    0.0
2025/03/21 00:14:40.000  -2267045.2649   5006691.5934   3225621.8233   6  20   0.0191   0.0239   0.0147  -0.0161   0.0152  -0.0096   0.00    0.0
2025/03/21 00:14:41.000  -2267045.2690   5006691.6012   3225621.8236   6  20   0.0185   0.0243   0.0150  -0.0140   0.0161  -0.0098   0.00    0.0
2025/03/21 00:14:42.000  -2267045.2734   5006691.5981   3225621.8258   6  20   0.0186   0.0247   0.0159  -0.0154   0.0163  -0.0104   0.00    0.0
2025/03/21 00:14:43.000  -2267045.2726   5006691.6037   3225621.8251   6  20   0.0188   0.0243   0.0150  -0.0143   0.0159  -0.0106   0.00    0.0
2025/03/21 00:14:44.000  -2267045.2735   5006691.6061   3225621.8299   6  20   0.0182   0.0248   0.0157  -0.0148   0.0154  -0.0101   0.00    0.0
2025/03/21 00:14:45.000  -2267045.2732   5006691.6031   3225621.8287   6  20   0.0184   0.0246   0.0153  -0.0148   0.0166  -0.0102   0.00    0.0
2025/03/21 00:14:46.000  -2267045.2749   5006691.6081   3225621.8306   6  20   0.0190   0.0239   0.0154  -0.0156   0.0153  -0.0099   0.00    0.0
2025/03/21 00:14:47.000  -2267045.2714   5006691.6031   3225621.8291   6  20   0.0182   0.0236   0.0156  -0.0145   0.0152  -0.0107   0.00    0.0
2025/03/21 00:14:48.000  -2267045.2733   5006691.6067   3225621.8329   6  20   0.0184   0.0242   0.0162  -0.0138   0.0160  -0.0112   0.00    0.0
2025/03/21 00:14:49.000  -2267045.2732   5006691.6048   3225621.8298   6  20   0.0190   0.0241   0.0161  -0.0155   0.0161  -0.0115   0.00    0.0
2025/03/21 00:14:50.000  -2267045.2693   5006691.6083   3225621.8344   6  20   0.0178   0.0227   0.0150  -0.0144   0.0153  -0.0102   0.00    0.0
2025/03/21 00:14:51.000  -2267045.2692   5006691.5965   3225621.8240   6  20   0.0183   0.0257   0.0161  -0.0157   0.0172  -0.0108   0.00    0.0
2025/03/21 00:14:52.000  -2267045.2660   5006691.5981   3225621.8274   6  20   0.0185   0.0235   0.0154  -0.0150   0.0162  -0.0107   0.00    0.0
2025/03/21 00:14:53.000  -2267045.2677   5006691.5999   3225621.8326   6  20   0.0190   0.0236   0.0161  -0.0145   0.0157  -0.0094   0.00    0.0
2025/03/21 00:14:54.000  -2267045.2678   5006691.6029   3225621.8274   6  20   0.0188   0.0238   0.0148  -0.0140   0.0156  -0.0096   0.00    0.0
2025/03/21 00:14:55.000  -2267045.2729   5006691.6023   3225621.8303   6  20   0.0184   0.0236   0.0146  -0.0141   0.0161  -0.0112   0.00    0.0
2025/03/21 00:14:56.000  -2267045.2756   5006691.6038   3225621.8294   6  20   0.0187   0.0236   0.0152  -0.0139   0.0161  -0.0094   0.00    0.0
2025/03/21 00:14:57.000  -2267045.2728   5006691.6110   3225621.8359   6  20   0.0188   0.0241   0.0149  -0.0149   0.0151  -0.0091   0.00    0.0
2025/03/21 00:14:58.000  -2267045.2790   5006691.6178   3225621.8397   6  20   0.0179   0.0248   0.0152  -0.0145   0.0158  -0.0106   0.00    0.0
2025/03/21 00:14:59.000  -2267045.2803   5006691.6145   3225621.8365   6  20   0.0177   0.0238   0.0155  -0.0141   0.0160  -0.0103   0.00    0.0
2025/03/21 00:15:00.000  -2267045.2797   5006691.6238   3225621.8408   6  20   0.0184   0.0240   0.0156  -0.0157   0.0165  -0.0104   0.00    0.0
2025/03/21 00:15:01.000  -2267045.2795   5006691.6186   3225621.8387   6  20   0.0179   0.0231   0.0162  -0.0144   0.0163  -0.0117   0.00    0.0
2025/03/21 00:15:02.000  -2267045.2874   5006691.6250   3225621.8425   6  20   0.0178   0.0236   0.0153  -0.0135   0.0164  -0.0104   0.00    0.0
2025/03/21 00:15:03.000  -2267045.2866   5006691.6293   3225621.8439   6  20   0.0190   0.0252   0.0158  -0.0148   0.0167  -0.0112   0.00    0.0
2025/03/21 00:15:04.000  -2267045.2837   5006691.6301   3225621.8421   6  20   0.0183   0.0244   0.0154  -0.0144   0.0156  -0.0099   0.00    0.0
2025/03/21 00:15:05.000  -2267045.2830   5006691.6231   3225621.8401   6  20   0.0180   0.0233   0.0156  -0.0141   0.0157  -0.0106   0.00    0.0
2025/03/21 00:15:06.000  -2267045.2818   5006691.6273   3225621.8441   6  20   0.0183   0.0249   0.0161  -0.0154   0.0160  -0.0106   0.00    0.0
2025/03/21 00:15:07.000  -2267045.2834   5006691.6312   3225621.8395   6  20   0.0180   0.0238   0.0149  -0.0144   0.0164  -0.0100   0.00    0.0
2025/03/21 00:15:08.000  -2267045.2870   5006691.6307   3225621.8438   6  20   0.0175   0.0232   0.0158  -0.0142   0.0157  -0.0104   0.00    0.0
2025/03/21 00:15:09.000  -2267045.2849   5006691.6226   3225621.8386   6  20   0.0183   0.0239   0.0159  -0.0141   0.0162  -0.0104   0.00    0.0
2025/03/21 00:15:10.000  -2267045.2839   5006691.6277   3225621.8474   6  20   0.0182   0.0246   0.0157  -0.0151   0.0158  -0.0110   0.00    0.0
2025/03/21 00:15:11.000  -2267045.2827   5006691.6264   3225621.8393   6  20   0.0181   0.0230   0.0153  -0.0137   0.0159  -0.0098   0.00    0.0
2025/03/21 00:15:12.000  -2267045.2828   5006691.6333   3225621.8452   6  20   0.0178   0.0239   0.0160  -0.0145   0.0167  -0.0105   0.00    0.0
2025/03/21 00:15:13.000  -2267045.2854   5006691.6348   3225621.8460   6  21   0.0178   0.0234   0.0157  -0.0143   0.0156  -0.0110   0.00    0.0
2025/03/21 00:15:14.000  -2267045.2855   5006691.6288   3225621.8495   6  21   0.0181   0.0220   0.0146  -0.0153   0.0149  -0.0107   0.00    0.0
2025/03/21 00:15:15.000  -2267045.2844   5006691.6292   3225621.8446   6  21   0.0183   0.0236   0.0143  -0.0134   0.0147  -0.0089   0.00    0.0
2025/03/21 00:15:16.000  -2267045.2815   5006691.6219   3225621.8434   6  21   0.0176   0.0231   0.0159  -0.0145   0.0165  -0.0108   0.00    0.0
2025/03/21 00:15:17.000  -2267045.2834   5006691.6269   3225621.8479   6  21   0.0180   0.0237   0.0162  -0.0137   0.0163  -0.0106   0.00    0.0
2025/03/21 00:15:18.000  -2267045.2835   5006691.6211   3225621.8434   6  21   0.0183   0.0240   0.0152  -0.0149   0.0151  -0.0102   0.00    0.0
2025/03/21 00:15:19.000  -2267045.2811   5006691.6260   3225621.8411   6  21   0.0173   0.0224   0.0154  -0.0138   0.0151  -0.0099   0.00    0.0
2025/03/21 00:15:20.000  -2267045.2856   5006691.6258   3225621.8472   6  21   0.0183   0.0239   0.0152  -0.0143   0.0157  -0.0107   0.00    0.0
2025/03/21 00:15:21.000  -2267045.2839   5006691.6320   3225621.8469   6  21   0.0187   0.0234   0.0147  -0.0142   0.0153  -0.0107   0.00    0.0
2025/03/21 00:15:22.000  -2267045.2862   5006691.6285   3225621.8480   6  21   0.0171   0.0232   0.0150  -0.0136   0.0161  -0.0105   0.00    0.0
2025/03/21 00:15:23.000  -2267045.2846   5006691.6267   3225621.8454   6  21   0.0186   0.0236   0.0157  -0.0147   0.0164  -0.0102   0.00    0.0
2025/03/21 00:15:24.000  -2267045.2866   5006691.6232   3225621.8464   6  21   0.0180   0.0225   0.0158  -0.0139   0.0149  -0.0100   0.00    0.0
2025/03/21 00:15:25.000  -2267045.2819   5006691.6191   3225621.8400   6  21   0.0178   0.0234   0.0155  -0.0144   0.0162  -0.0097   0.00    0.0
2025/03/21 00:15:26.000  -2267045.2836   5006691.6244   3225621.8413   6  21   0.0176   0.0229   0.0148  -0.0134   0.0152  -0.0100   0.00    0.0
2025/03/21 00:15:27.000  -2267045.2842   5006691.6272   3225621.8409   6  21   0.0177   0.0224   0.0150  -0.0142   0.0147  -0.0106   0.00    0.0
2025/03/21 00:15:28.000  -2267045.2838   5006691.6238   3225621.8472   6  21   0.0169   0.0224   0.0150  -0.0136   0.0145  -0.0097   0.00    0.0
2025/03/21 00:15:29.000  -2267045.2796   5006691.6126   3225621.8426   6  21   0.0183   0.0225   0.0157  -0.0145   0.0160  -0.0107   0.00    0.0
2025/03/21 00:15:30.000  -2267045.2826   5006691.6186   3225621.8412   6  21   0.0175   0.0224   0.0150  -0.0140   0.0149  -0.0101   0.00    0.0
2025/03/21 00:15:31.000  -2267045.2817   5006691.6197   3225621.8417   6  21   0.0181   0.0222   0.0140  -0.0139   0.0146  -0.0102   0.00    0.0
2025/03/21 00:15:32.000  -2267045.2852   5006691.6175   3225621.8471   6  21   0.0186   0.0234   0.0152  -0.0142   0.0157  -0.0101   0.00    0.0
2025/03/21 00:15:33.000  -2267045.2851   5006691.6151   3225621.8391   6  21   0.0167   0.0231   0.0160  -0.0126   0.0158  -0.0102   0.00    0.0
2025/03/21 00:15:34.000  -2267045.2891   5006691.6178   3225621.8466   6  21   0.0176   0.0231   0.0159  -0.0144   0.0157  -0.0102   0.00    0.0
2025/03/21 00:15:35.000  -2267045.2850   5006691.6161   3225621.8423   6  21   0.0179   0.0231   0.0154  -0.0131   0.0146  -0.0085   0.00    0.0
2025/03/21 00:15:36.000  -2267045.2858   5006691.6133   3225621.8407   6  21   0.0175   0.0223   0.0146  -0.0135   0.0149  -0.0101   0.00    0.0
2025/03/21 00:15:37.000  -2267045.2867   5006691.6115   3225621.8428   6  21   0.0174   0.0233   0.0153  -0.0146   0.0153  -0.0106   0.00    0.0
2025/03/21 00:15:38.000  -2267045.2798   5006691.6129   3225621.8390   6  21   0.0159   0.0225   0.0155  -0.0137   0.0154  -0.0096   0.00    0.0
2025/03/21 00:15:39.000  -2267045.2875   5006691.6076   3225621.8355   6  21   0.0172   0.0226   0.0150  -0.0137   0.0157  -0.0093   0.00    0.0
2025/03/21 00:15:40.000  -2267045.2830   5006691.6104   3225621.8406   6  21   0.0173   0.0240   0.0152  -0.0139   0.0147  -0.0099   0.00    0.0
2025/03/21 00:15:41.000  -2267045.2836   5006691.6140   3225621.8416   6  21   0.0163   0.0215   0.0149  -0.0127   0.0156  -0.0108   0.00    0.0
2025/03/21 00:15:42.000  -2267045.2891   5006691.6129   3225621.8412   6  21   0.0172   0.0231   0.0150  -0.0131   0.0153  -0.0097   0.00    0.0
2025/03/21 00:15:43.000  -2267045.2892   5006691.6154   3225621.8425   6  21   0.0166   0.0229   0.0151  -0.0141   0.0154  -0.0110   0.00    0.0
2025/03/21 00:15:44.000  -2267045.2833   5006691.6116   3225621.8419   6  21   0.0173   0.0236   0.0157  -0.0136   0.0155  -0.0101   0.00    0.0
2025/03/21 00:15:45.000  -2267045.2892   5006691.6113   3225621.8406   6  21   0.0185   0.0231   0.0148  -0.0138   0.0150  -0.0089   0.00    0.0
2025/03/21 00:15:46.000  -2267045.2938   5006691.6083   3225621.8445   6  21   0.0183   0.0225   0.0146  -0.0132   0.0146  -0.0092   0.00    0.0
2025/03/21 00:15:47.000  -2267045.2897   5006691.6084   3225621.8344   6  21   0.0172   0.0226   0.0149  -0.0133   0.0154  -0.0103   0.00    0.0
2025/03/21 00:15:48.000  -2267045.2966   5006691.6158   3225621.8424   6  21   0.0172   0.0232   0.0150  -0.0135   0.0148  -0.0098   0.00    0.0
2025/03/21 00:15:49.000  -2267045.2922   5006691.6160   3225621.8442   6  21   0.0172   0.0225   0.0141  -0.0137   0.0131  -0.0089   0.00    0.0
2025/03/21 00:15:50.000  -2267045.2910   5006691.6133   3225621.8392   6  21   0.0171   0.0223   0.0148  -0.0147   0.0146  -0.0106   0.00    0.0
2025/03/21 00:15:51.000  -2267045.2903   5006691.6060   3225621.8364   6  21   0.0171   0.0224   0.0143  -0.0140   0.0147  -0.0099   0.00    0.0
2025/03/21 00:15:52.000  -2267045.2924   5006691.6117   3225621.8423   6  21   0.0172   0.0236   0.0146  -0.0145   0.0147  -0.0094   0.00    0.0
2025/03/21 00:15:53.000  -2267045.2904   5006691.6114   3225621.8359   6  21   0.0168   0.0227   0.0147  -0.0137   0.0151  -0.0101   0.00    0.0
2025/03/21 00:15:54.000  -2267045.2897   5006691.6042   3225621.8329   6  21   0.0167   0.0224   0.0144  -0.0132   0.0151  -0.0095   0.00    0.0
2025/03/21 00:15:55.000  -2267045.2913   5006691.6096   3225621.8443   6  21   0.0171   0.0229   0.0156  -0.0127   0.0160  -0.0102   0.00    0.0
2025/03/21 00:15:56.000  -2267045.2810   5006691.6091   3225621.8356   6  21   0.0165   0.0217   0.0146  -0.0132   0.0148  -0.0094   0.00    0.0
2025/03/21 00:15:57.000  -2267045.2873   5006691.6110   3225621.8382   6  21   0.0163   0.0225   0.0147  -0.0145   0.0148  -0.0085   0.00    0.0
2025/03/21 00:15:58.000  -2267045.2885   5006691.6118   3225621.8360   6  21   0.0172   0.0238   0.0150  -0.0132   0.0157  -0.0099   0.00    0.0
2025/03/21 00:15:59.000  -2267045.2900   5006691.6140   3225621.8402   6  21   0.0167   0.0232   0.0148  -0.0131   0.0156  -0.0095   0.00    0.0
2025/03/21 00:16:00.000  -2267045.2925   5006691.6159   3225621.8404   6  21   0.0182   0.0221   0.0148  -0.0142   0.0153  -0.0097   0.00    0.0
2025/03/21 00:16:01.000  -2267045.2886   5006691.6094   3225621.8342   6  21   0.0170   0.0214   0.0142  -0.0131   0.0143  -0.0099   0.00    0.0
2025/03/21 00:16:02.000  -2267045.2860   5006691.6073   3225621.8353   6  21   0.0174   0.0235   0.0144  -0.0124   0.0153  -0.0089   0.00    0.0
2025/03/21 00:16:03.000  -2267045.2898   5006691.6112   3225621.8403   6  21   0.0172   0.0230   0.0151  -0.0141   0.0150  -0.0102   0.00    0.0
2025/03/21 00:16:04.000  -2267045.2889   5006691.6137   3225621.8355   6  21   0.0160   0.0224   0.0152  -0.0123   0.0157  -0.0099   0.00    0.0
2025/03/21 00:16:05.000  -2267045.2845   5006691.6100   3225621.8368   6  21   0.0170   0.0215   0.0145  -0.0140   0.0153  -0.0095   0.00    0.0
2025/03/21 00:16:06.000  -2267045.2886   5006691.6146   3225621.8394   6  21   0.0180   0.0221   0.0148  -0.0142   0.0152  -0.0104   0.00    0.0
2025/03/21 00:16:07.000  -2267045.2886   5006691.6155   3225621.8357   6  21   0.0171   0.0212   0.0146  -0.0143   0.0144  -0.0104   0.00    0.0
2025/03/21 00:16:08.000  -2267045.2832   5006691.6043   3225621.8299   6  21   0.0160   0.0231   0.0148  -0.0138   0.0150  -0.0102   0.00    0.0
2025/03/21 00:16:09.000  -2267045.2851   5006691.6045   3225621.8309   6  21   0.0166   0.0221   0.0135  -0.0126   0.0151  -0.0092   0.00    0.0
2025/03/21 00:16:10.000  -2267045.2853   5006691.6060   3225621.8314   6  21   0.0164   0.0224   0.0141  -0.0138   0.0149  -0.0098   0.00    0.0
2025/03/21 00:16:11.000  -2267045.2827   5006691.6069   3225621.8327   6  21   0.0171   0.0215   0.0151  -0.0130   0.0141  -0.0100   0.00    0.0
2025/03/21 00:16:12.000  -2267045.2832   5006691.6074   3225621.8327   6  21   0.0164   0.0224   0.0143  -0.0140   0.0153  -0.0102   0.00    0.0
2025/03/21 00:16:13.000  -2267045.2845   5006691.6069   3225621.8367   6  21   0.0161   0.0230   0.0151  -0.0135   0.0159  -0.0101   0.00    0.0
2025/03/21 00:16:14.000  -2267045.2842   5006691.6095   3225621.8365   6  21   0.0173   0.0233   0.0151  -0.0136   0.0151  -0.0101   0.00    0.0
2025/03/21 00:16:15.000  -2267045.2845   5006691.6144   3225621.8330   6  21   0.0169   0.0228   0.0155  -0.0136   0.0158  -0.0102   0.00    0.0
2025/03/21 00:16:16.000  -2267045.2858   5006691.6100   3225621.8338   6  21   0.0162   0.0227   0.0147  -0.0132   0.0156  -0.0103   0.00    0.0
2025/03/21 00:16:17.000  -2267045.2904   5006691.6105   3225621.8396   6  20   0.0166   0.0227   0.0153  -0.0133   0.0153  -0.0092   0.00    0.0
2025/03/21 00:16:18.000  -2267045.2841   5006691.6088   3225621.8289   6  20   0.0166   0.0228   0.0138  -0.0141   0.0150  -0.0090   0.00    0.0
2025/03/21 00:16:19.000  -2267045.2860   5006691.6065   3225621.8315   6  20   0.0164   0.0226   0.0144  -0.0131   0.0151  -0.0092   0.00    0.0
2025/03/21 00:16:20.000  -2267045.2829   5006691.6035   3225621.8388   6  21   0.0159   0.0225   0.0136  -0.0133   0.0145  -0.0086   0.00    0.0
2025/03/21 00:16:21.000  -2267045.2863   5006691.6046   3225621.8363   6  21   0.0161   0.0229   0.0148  -0.0127   0.0148  -0.0096   0.00    0.0
2025/03/21 00:16:22.000  -2267045.2854   5006691.6039   3225621.8335   6  21   0.0172   0.0223   0.0152  -0.0142   0.0152  -0.0101   0.00    0.0
2025/03/21 00:16:23.000  -2267045.2849   5006691.6073   3225621.8402   6  21   0.0165   0.0213   0.0140  -0.0125   0.0155  -0.0092   0.00    0.0
2025/03/21 00:16:24.000  -2267045.2838   5006691.5973   3225621.8291   6  21   0.0177   0.0223   0.0151  -0.0144   0.0151  -0.0102   0.00    0.0
2025/03/21 00:16:25.000  -2267045.2892   5006691.6053   3225621.8369   6  20   0.0167   0.0218   0.0149  -0.0130   0.0153  -0.0102   0.00    0.0
2025/03/21 00:16:26.000  -2267045.2863   5006691.6031   3225621.8337   6  20   0.0168   0.0222   0.0152  -0.0136   0.0147  -0.0090   0.00    0.0
2025/03/21 00:16:27.000  -2267045.2849   5006691.6051   3225621.8346   6  20   0.0163   0.0231   0.0148  -0.0123   0.0154  -0.0104   0.00    0.0
2025/03/21 00:16:28.000  -2267045.2827   5006691.6008   3225621.8316   6  20   0.0166   0.0225   0.0153  -0.0115   0.0140  -0.0093   0.00    0.0
2025/03/21 00:16:29.000  -2267045.2841   5006691.5961   3225621.8339   6  21   0.0164   0.0227   0.0147  -0.0127   0.0149  -0.0094   0.00    0.0
2025/03/21 00:16:30.000  -2267045.2822   5006691.5965   3225621.8340   6  21   0.0173   0.0214   0.0136  -0.0140   0.0145  -0.0094   0.00    0.0
2025/03/21 00:16:31.000  -2267045.2837   5006691.6101   3225621.8403   6  21   0.0161   0.0221   0.0144  -0.0123   0.0144  -0.0085   0.00    0.0
2025/03/21 00:16:32.000  -2267045.2885   5006691.6144   3225621.8375   6  21   0.0162   0.0233   0.0153  -0.0133   0.0150  -0.0097   0.00    0.0
2025/03/21 00:16:33.000  -2267045.2833   5006691.6028   3225621.8340   6  21   0.0166   0.0220   0.0142  -0.0134   0.0148  -0.0101   0.00    0.0
2025/03/21 00:16:34.000  -2267045.2796   5006691.6047   3225621.8406   6  21   0.0163   0.0213   0.0140  -0.0133   0.0129  -0.0081   0.00    0.0
2025/03/21 00:16:35.000  -2267045.2811   5006691.6062   3225621.8442   6  21   0.0171   0.0223   0.0154  -0.0144   0.0145  -0.0092   0.00    0.0
2025/03/21 00:16:36.000  -2267045.2822   5006691.6103   3225621.8439   6  21   0.0169   0.0222   0.0151  -0.0136   0.0148  -0.0090   0.00    0.0
2025/03/21 00:16:37.000  -2267045.2862   5006691.6031   3225621.8404   6  21   0.0167   0.0228   0.0155  -0.0138   0.0151  -0.0094   0.00    0.0
2025/03/21 00:16:38.000  -2267045.2860   5006691.6186   3225621.8467   6  21   0.0165   0.0222   0.0149  -0.0143   0.0147  -0.0097   0.00    0.0
2025/03/21 00:16:39.000  -2267045.2860   5006691.6119   3225621.8458   6  21   0.0162   0.0211   0.0146  -0.0137   0.0151  -0.0096   0.00    0.0
2025/03/21 00:16:40.000  -2267045.2857   5006691.6138   3225621.8492   6  21   0.0154   0.0217   0.0151  -0.0131   0.0148  -0.0092   0.00    0.0
2025/03/21 00:16:41.000  -2267045.2894   5006691.6229   3225621.8548   6  21   0.0171   0.0215   0.0148  -0.0130   0.0140  -0.0095   0.00    0.0
2025/03/21 00:16:42.000  -2267045.2877   5006691.6087   3225621.8486   6  21   0.0165   0.0215   0.0145  -0.0123   0.0142  -0.0102   0.00    0.0
2025/03/21 00:16:43.000  -2267045.2853   5006691.6187   3225621.8527   6  21   0.0166   0.0224   0.0147  -0.0143   0.0153  -0.0103   0.00    0.0
2025/03/21 00:16:44.000  -2267045.2956   5006691.6239   3225621.8527   6  20   0.0160   0.0221   0.0150  -0.0143   0.0147  -0.0102   0.00    0.0
2025/03/21 00:16:45.000  -2267045.2870   5006691.6165   3225621.8535   6  20   0.0169   0.0229   0.0135  -0.0140   0.0145  -0.0088   0.00    0.0
2025/03/21 00:16:46.000  -2267045.2833   5006691.6087   3225621.8507   6  20   0.0166   0.0220   0.0143  -0.0136   0.0146  -0.0086   0.00    0.0
2025/03/21 00:16:47.000  -2267045.2850   5006691.6152   3225621.8553   6  20   0.0163   0.0225   0.0145  -0.0140   0.0146  -0.0089   0.00    0.0
2025/03/21 00:16:48.000  -2267045.2887   5006691.6247   3225621.8528   6  21   0.0157   0.0228   0.0155  -0.0130   0.0155  -0.0099   0.00    0.0
2025/03/21 00:16:49.000  -2267045.2856   5006691.6156   3225621.8533   6  21   0.0165   0.0214   0.0141  -0.0128   0.0147  -0.0091   0.00    0.0
2025/03/21 00:16:50.000  -2267045.2893   5006691.6243   3225621.8563   6  21   0.0163   0.0217   0.0145  -0.0142   0.0148  -0.0100   0.00    0.0
2025/03/21 00:16:51.000  -2267045.2939   5006691.6181   3225621.8504   6  21   0.0160   0.0220   0.0148  -0.0133   0.0151  -0.0099   0.00    0.0
2025/03/21 00:16:52.000  -2267045.2873   5006691.6129   3225621.8496   6  21   0.0155   0.0206   0.0144  -0.0130   0.0140  -0.0088   0.00    0.0
2025/03/21 00:16:53.000  -2267045.2890   5006691.6111   3225621.8486   6  21   0.0165   0.0214   0.0148  -0.0123   0.0142  -0.0097   0.00    0.0
2025/03/21 00:16:54.000  -2267045.2923   5006691.6214   3225621.8499   6  21   0.0164   0.0206   0.0152  -0.0128   0.0146  -0.0096   0.00    0.0
2025/03/21 00:16:55.000  -2267045.2930   5006691.6120   3225621.8485   6  21   0.0149   0.0212   0.0146  -0.0126   0.0145  -0.0102   0.00    0.0
2025/03/21 00:16:56.000  -2267045.2925   5006691.6182   3225621.8479   6  21   0.0156   0.0201   0.0141  -0.0120   0.0140  -0.0093   0.00    0.0
2025/03/21 00:16:57.000  -2267045.2927   5006691.6130   3225621.8442   6  20   0.0165   0.0223   0.0148  -0.0133   0.0152  -0.0089   0.00    0.0
2025/03/21 00:16:58.000  -2267045.2926   5006691.6111   3225621.8489   6  20   0.0172   0.0213   0.0140  -0.0140   0.0140  -0.0086   0.00    0.0
2025/03/21 00:16:59.000  -2267045.2928   5006691.6124   3225621.8493   6  20   0.0162   0.0209   0.0135  -0.0127   0.0139  -0.0083   0.00    0.0
2025/03/21 00:17:00.000  -2267045.2913   5006691.6031   3225621.8479   6  20   0.0174   0.0222   0.0146  -0.0138   0.0142  -0.0094   0.00    0.0
2025/03/21 00:17:01.000  -2267045.2965   5006691.6117   3225621.8498   6  20   0.0159   0.0213   0.0145  -0.0135   0.0149  -0.0097   0.00    0.0
2025/03/21 00:17:02.000  -2267045.2967   5006691.6096   3225621.8460   6  20   0.0158   0.0207   0.0150  -0.0126   0.0138  -0.0100   0.00    0.0
2025/03/21 00:17:03.000  -2267045.2988   5006691.6065   3225621.8433   6  21   0.0161   0.0219   0.0144  -0.0142   0.0141  -0.0095   0.00    0.0
2025/03/21 00:17:04.000  -2267045.2948   5006691.6128   3225621.8479   6  20   0.0163   0.0226   0.0155  -0.0132   0.0146  -0.0097   0.00    0.0
2025/03/21 00:17:05.000  -2267045.2970   5006691.6094   3225621.8499   6  20   0.0161   0.0225   0.0151  -0.0137   0.0154  -0.0085   0.00    0.0
2025/03/21 00:17:06.000  -2267045.2961   5006691.6077   3225621.8518   6  20   0.0168   0.0213   0.0143  -0.0131   0.0135  -0.0086   0.00    0.0
2025/03/21 00:17:07.000  -2267045.2935   5006691.6071   3225621.8464   6  20   0.0162   0.0223   0.0145  -0.0133   0.0146  -0.0087   0.00    0.0
2025/03/21 00:17:08.000  -2267045.3007   5006691.6082   3225621.8457   6  21   0.0161   0.0209   0.0146  -0.0128   0.0150  -0.0093   0.00    0.0
2025/03/21 00:17:09.000  -2267045.2934   5006691.6026   3225621.8435   6  20   0.0154   0.0220   0.0153  -0.0122   0.0152  -0.0085   0.00    0.0
2025/03/21 00:17:10.000  -2267045.2916   5006691.6001   3225621.8484   6  20   0.0156   0.0210   0.0135  -0.0126   0.0149  -0.0099   0.00    0.0
2025/03/21 00:17:11.000  -2267045.2908   5006691.5904   3225621.8426   6  20   0.0164   0.0217   0.0146  -0.0138   0.0149  -0.0088   0.00    0.0
2025/03/21 00:17:12.000  -2267045.2876   5006691.5968   3225621.8483   6  20   0.0163   0.0226   0.0144  -0.0138   0.0148  -0.0097   0.00    0.0
2025/03/21 00:17:13.000  -2267045.2921   5006691.5906   3225621.8464   6  20   0.0162   0.0207   0.0146  -0.0142   0.0141  -0.0091   0.00    0.0
2025/03/21 00:17:14.000  -2267045.2937   5006691.5950   3225621.8465   6  21   0.0161   0.0228   0.0142  -0.0144   0.0137  -0.0097   0.00    0.0
2025/03/21 00:17:15.000  -2267045.2919   5006691.5970   3225621.8452   6  20   0.0162   0.0231   0.0146  -0.0116   0.0152  -0.0078   0.00    0.0
2025/03/21 00:17:16.000  -2267045.2892   5006691.5883   3225621.8471   6  20   0.0153   0.0220   0.0138  -0.0130   0.0152  -0.0078   0.00    0.0
2025/03/21 00:17:17.000  -2267045.2887   5006691.5893   3225621.8434   6  20   0.0160   0.0214   0.0152  -0.0127   0.0143  -0.0090   0.00    0.0
2025/03/21 00:17:18.000  -2267045.2855   5006691.5814   3225621.8405   6  20   0.0152   0.0221   0.0139  -0.0134   0.0145  -0.0089   0.00    0.0
2025/03/21 00:17:19.000  -2267045.2893   5006691.5826   3225621.8383   6  20   0.0153   0.0222   0.0143  -0.0124   0.0151  -0.0092   0.00    0.0
2025/03/21 00:17:20.000  -2267045.2877   5006691.5909   3225621.8405   6  20   0.0160   0.0219   0.0135  -0.0129   0.0148  -0.0095   0.00    0.0
2025/03/21 00:17:21.000  -2267045.2897   5006691.5887   3225621.8380   6  20   0.0162   0.0217   0.0147  -0.0131   0.0144  -0.0096   0.00    0.0
2025/03/21 00:17:22.000  -2267045.2888   5006691.5885   3225621.8437   6  20   0.0158   0.0228   0.0152  -0.0138   0.0144  -0.0089   0.00    0.0
2025/03/21 00:17:23.000  -2267045.2865   5006691.5847   3225621.8389   6  20   0.0149   0.0215   0.0154  -0.0118   0.0155  -0.0093   0.00    0.0
2025/03/21 00:17:24.000  -2267045.2879   5006691.5941   3225621.8406   6  20   0.0157   0.0213   0.0146  -0.0125   0.0143  -0.0077   0.00    0.0
2025/03/21 00:17:25.000  -2267045.2910   5006691.5910   3225621.8417   6  20   0.0158   0.0219   0.0136  -0.0126   0.0142  -0.0104   0.00    0.0
2025/03/21 00:17:26.000  -2267045.2819   5006691.5842   3225621.8386   6  20   0.0159   0.0209   0.0149  -0.0131   0.0146  -0.0097   0.00    0.0
2025/03/21 00:17:27.000  -2267045.2900   5006691.5940   3225621.8399   6  20   0.0154   0.0203   0.0145  -0.0123   0.0138  -0.0089   0.00    0.0
2025/03/21 00:17:28.000  -2267045.2848   5006691.5863   3225621.8384   6  20   0.0149   0.0217   0.0141  -0.0126   0.0140  -0.0093   0.00    0.0
2025/03/21 00:17:29.000  -2267045.2812   5006691.5803   3225621.8377   6  20   0.0162   0.0210   0.0146  -0.0121   0.0144  -0.0101   0.00    0.0
2025/03/21 00:17:30.000  -2267045.2853   5006691.5847   3225621.8418   6  20   0.0151   0.0222   0.0152  -0.0119   0.0161  -0.0098   0.00    0.0
2025/03/21 00:17:31.000  -2267045.2834   5006691.5841   3225621.8380   6  20   0.0150   0.0216   0.0145  -0.0136   0.0143  -0.0100   0.00    0.0
2025/03/21 00:17:32.000  -2267045.2842   5006691.5916   3225621.8412   6  21   0.0145   0.0218   0.0149  -0.0114   0.0149  -0.0094   0.00    0.0
2025/03/21 00:17:33.000  -2267045.2836   5006691.5873   3225621.8434   6  20   0.0152   0.0217   0.0143  -0.0125   0.0150  -0.0076   0.00    0.0
2025/03/21 00:17:34.000  -2267045.2840   5006691.5909   3225621.8353   6  20   0.0152   0.0205   0.0146  -0.0127   0.0141  -0.0098   0.00    0.0
2025/03/21 00:17:35.000  -2267045.2835   5006691.5892   3225621.8424   6  20   0.0160   0.0221   0.0140  -0.0122   0.0140  -0.0086   0.00    0.0
2025/03/21 00:17:36.000  -2267045.2809   5006691.5833   3225621.8356   6  20   0.0157   0.0208   0.0146  -0.0127   0.0145  -0.0099   0.00    0.0
2025/03/21 00:17:37.000  -2267045.2784   5006691.5750   3225621.8297   6  20   0.0154   0.0217   0.0150  -0.0140   0.0150  -0.0095   0.00    0.0
2025/03/21 00:17:38.000  -2267045.2767   5006691.5790   3225621.8378   6  20   0.0164   0.0213   0.0147  -0.0127   0.0152  -0.0079   0.00    0.0
2025/03/21 00:17:39.000  -2267045.2785   5006691.5804   3225621.8379   6  21   0.0152   0.0219   0.0143  -0.0129   0.0148  -0.0096   0.00    0.0
2025/03/21 00:17:40.000  -2267045.2807   5006691.5888   3225621.8355   6  21   0.0158   0.0221   0.0148  -0.0125   0.0144  -0.0090   0.00    0.0
2025/03/21 00:17:41.000  -2267045.2786   5006691.5921   3225621.8378   6  21   0.0159   0.0207   0.0140  -0.0126   0.0141  -0.0085   0.00    0.0
2025/03/21 00:17:42.000  -2267045.2812   5006691.5896   3225621.8377   6  21   0.0153   0.0205   0.0149  -0.0128   0.0137  -0.0095   0.00    0.0
2025/03/21 00:17:43.000  -2267045.2759   5006691.5803   3225621.8343   6  21   0.0162   0.0220   0.0143  -0.0139   0.0153  -0.0096   0.00    0.0
2025/03/21 00:17:44.000  -2267045.2791   5006691.5831   3225621.8368   6  21   0.0153   0.0211   0.0145  -0.0124   0.0146  -0.0085   0.00    0.0
2025/03/21 00:17:45.000  -2267045.2812   5006691.5882   3225621.8387   6  21   0.0159   0.0205   0.0137  -0.0124   0.0144  -0.0090   0.00    0.0
2025/03/21 00:17:46.000  -2267045.2775   5006691.5874   3225621.8404   6  21   0.0148   0.0201   0.0140  -0.0119   0.0141  -0.0085   0.00    0.0
2025/03/21 00:17:47.000  -2267045.2814   5006691.5907   3225621.8388   6  21   0.0163   0.0214   0.0139  -0.0136   0.0139  -0.0085   0.00    0.0
2025/03/21 00:17:48.000  -2267045.2793   5006691.5826   3225621.8345   6  21   0.0152   0.0196   0.0143  -0.0121   0.0134  -0.0087   0.00    0.0
2025/03/21 00:17:49.000  -2267045.2756   5006691.5838   3225621.8352   6  21   0.0155   0.0204   0.0143  -0.0129   0.0137  -0.0088   0.00    0.0
2025/03/21 00:17:50.000  -2267045.2805   5006691.5895   3225621.8372   6  21   0.0148   0.0197   0.0146  -0.0130   0.0149  -0.0093   0.00    0.0
2025/03/21 00:17:51.000  -2267045.2745   5006691.5895   3225621.8373   6  21   0.0153   0.0214   0.0140  -0.0136   0.0143  -0.0103   0.00    0.0
2025/03/21 00:17:52.000  -2267045.2758   5006691.5881   3225621.8412   6  21   0.0156   0.0216   0.0140  -0.0128   0.0137  -0.0089   0.00    0.0
2025/03/21 00:17:53.000  -2267045.2714   5006691.5845   3225621.8383   6  21   0.0161   0.0217   0.0140  -0.0131   0.0147  -0.0079   0.00    0.0
2025/03/21 00:17:54.000  -2267045.2731   5006691.5842   3225621.8374   6  20   0.0146   0.0214   0.0138  -0.0116   0.0141  -0.0092   0.00    0.0
2025/03/21 00:17:55.000  -2267045.2746   5006691.5865   3225621.8392   6  20   0.0157   0.0215   0.0143  -0.0127   0.0145  -0.0072   0.00    0.0
2025/03/21 00:17:56.000  -2267045.2753   5006691.5865   3225621.8358   6  21   0.0156   0.0198   0.0134  -0.0117   0.0126  -0.0088   0.00    0.0
2025/03/21 00:17:57.000  -2267045.2732   5006691.5855   3225621.8324   6  21   0.0148   0.0206   0.0141  -0.0126   0.0134  -0.0087   0.00    0.0
2025/03/21 00:17:58.000  -2267045.2744   5006691.5813   3225621.8422   6  21   0.0148   0.0200   0.0141  -0.0135   0.0141  -0.0091   0.00    0.0
2025/03/21 00:17:59.000  -2267045.2757   5006691.5874   3225621.8363   6  21   0.0153   0.0200   0.0138  -0.0128   0.0146  -0.0086   0.00    0.0
2025/03/21 00:18:00.000  -2267045.2768   5006691.5928   3225621.8369   6  21   0.0155   0.0214   0.0145  -0.0127   0.0148  -0.0078   0.00    0.0
2025/03/21 00:18:01.000  -2267045.2746   5006691.5813   3225621.8324   6  21   0.0148   0.0214   0.0140  -0.0120   0.0148  -0.0080   0.00    0.0
2025/03/21 00:18:02.000  -2267045.2714   5006691.5773   3225621.8273   6  21   0.0149   0.0193   0.0139  -0.0125   0.0125  -0.0077   0.00    0.0
2025/03/21 00:18:03.000  -2267045.2738   5006691.5870   3225621.8366   6  21   0.0150   0.0209   0.0139  -0.0129   0.0136  -0.0090   0.00    0.0
2025/03/21 00:18:04.000  -2267045.2679   5006691.5832   3225621.8314   6  21   0.0150   0.0213   0.0147  -0.0127   0.0140  -0.0092   0.00    0.0
2025/03/21 00:18:05.000  -2267045.2729   5006691.5849   3225621.8373   6  21   0.0151   0.0217   0.0134  -0.0128   0.0128  -0.0087   0.00    0.0
2025/03/21 00:18:06.000  -2267045.2719   5006691.5839   3225621.8319   6  21   0.0157   0.0199   0.0146  -0.0118   0.0127  -0.0089   0.00    0.0
2025/03/21 00:18:07.000  -2267045.2712   5006691.5828   3225621.8354   6  21   0.0145   0.0211   0.0146  -0.0127   0.0144  -0.0086   0.00    0.0
2025/03/21 00:18:08.000  -2267045.2802   5006691.5946   3225621.8353   6  21   0.0152   0.0207   0.0145  -0.0122   0.0148  -0.0083   0.00    0.0
2025/03/21 00:18:09.000  -2267045.2725   5006691.5849   3225621.8307   6  21   0.0157   0.0209   0.0142  -0.0123   0.0138  -0.0073   0.00    0.0
2025/03/21 00:18:10.000  -2267045.2696   5006691.5795   3225621.8323   6  21   0.0151   0.0214   0.0139  -0.0120   0.0139  -0.0085   0.00    0.0
2025/03/21 00:18:11.000  -2267045.2719   5006691.5905   3225621.8371   6  21   0.0153   0.0224   0.0135  -0.0125   0.0141  -0.0093   0.00    0.0
2025/03/21 00:18:12.000  -2267045.2752   5006691.5862   3225621.8327   6  21   0.0146   0.0199   0.0140  -0.0140   0.0140  -0.0104   0.00    0.0
2025/03/21 00:18:13.000  -2267045.2744   5006691.5880   3225621.8331   6  21   0.0155   0.0207   0.0136  -0.0129   0.0134  -0.0095   0.00    0.0
2025/03/21 00:18:14.000  -2267045.2771   5006691.5899   3225621.8406   6  21   0.0145   0.0200   0.0139  -0.0115   0.0138  -0.0082   0.00    0.0
2025/03/21 00:18:15.000  -2267045.2724   5006691.5898   3225621.8338   6  21   0.0153   0.0216   0.0144  -0.0140   0.0140  -0.0100   0.00    0.0
2025/03/21 00:18:16.000  -2267045.2686   5006691.5863   3225621.8327   6  21   0.0152   0.0199   0.0139  -0.0123   0.0148  -0.0090   0.00    0.0
2025/03/21 00:18:17.000  -2267045.2644   5006691.5887   3225621.8320   6  21   0.0144   0.0213   0.0135  -0.0119   0.0146  -0.0082   0.00    0.0
2025/03/21 00:18:18.000  -2267045.2703   5006691.5850   3225621.8338   6  21   0.0150   0.0199   0.0152  -0.0136   0.0136  -0.0101   0.00    0.0
2025/03/21 00:18:19.000  -2267045.2714   5006691.5932   3225621.8346   6  21   0.0152   0.0209   0.0150  -0.0124   0.0148  -0.0103   0.00    0.0
2025/03/21 00:18:20.000  -2267045.2701   5006691.5821   3225621.8328   6  21   0.0150   0.0202   0.0148  -0.0135   0.0142  -0.0092   0.00    0.0
2025/03/21 00:18:21.000  -2267045.2740   5006691.5934   3225621.8358   6  21   0.0147   0.0201   0.0135  -0.0123   0.0138  -0.0097   0.00    0.0
2025/03/21 00:18:22.000  -2267045.2722   5006691.5939   3225621.8411   6  21   0.0142   0.0208   0.0139  -0.0131   0.0139  -0.0092   0.00    0.0
2025/03/21 00:18:23.000  -2267045.2687   5006691.5941   3225621.8372   6  21   0.0147   0.0188   0.0131  -0.0126   0.0126  -0.0082   0.00    0.0
2025/03/21 00:18:24.000  -2267045.2678   5006691.5845   3225621.8336   6  21   0.0144   0.0210   0.0136  -0.0127   0.0140  -0.0085   0.00    0.0
2025/03/21 00:18:25.000  -2267045.2733   5006691.5907   3225621.8380   6  21   0.0143   0.0210   0.0147  -0.0117   0.0140  -0.0093   0.00    0.0
2025/03/21 00:18:26.000  -2267045.2734   5006691.5965   3225621.8395   6  21   0.0150   0.0208   0.0147  -0.0127   0.0147  -0.0096   0.00    0.0
2025/03/21 00:18:27.000  -2267045.2708   5006691.5854   3225621.8419   6  21   0.0143   0.0207   0.0143  -0.0130   0.0140  -0.0086   0.00    0.0
2025/03/21 00:18:28.000  -2267045.2713   5006691.5927   3225621.8406   6  21   0.0154   0.0208   0.0151  -0.0122   0.0138  -0.0085   0.00    0.0
2025/03/21 00:18:29.000  -2267045.2685   5006691.5942   3225621.8406   6  21   0.0153   0.0198   0.0133  -0.0119   0.0131  -0.0077   0.00    0.0
2025/03/21 00:18:30.000  -2267045.2695   5006691.5909   3225621.8420   6  21   0.0149   0.0205   0.0154  -0.0122   0.0139  -0.0093   0.00    0.0
2025/03/21 00:18:31.000  -2267045.2717   5006691.5891   3225621.8421   6  21   0.0148   0.0215   0.0156  -0.0125   0.0152  -0.0099   0.00    0.0
2025/03/21 00:18:32.000  -2267045.2602   5006691.5840   3225621.8324   6  21   0.0143   0.0213   0.0137  -0.0105   0.0140  -0.0087   0.00    0.0
2025/03/21 00:18:33.000  -2267045.2667   5006691.5904   3225621.8423   6  21   0.0148   0.0198   0.0140  -0.0127   0.0120  -0.0083   0.00    0.0
2025/03/21 00:18:34.000  -2267045.2699   5006691.5950   3225621.8400   6  21   0.0138   0.0210   0.0139  -0.0134   0.0139  -0.0090   0.00    0.0
2025/03/21 00:18:35.000  -2267045.2685   5006691.5878   3225621.8386   6  21   0.0146   0.0197   0.0128  -0.0116   0.0138  -0.0094   0.00    0.0
2025/03/21 00:18:36.000  -2267045.2675   5006691.5893   3225621.8400   6  21   0.0154   0.0206   0.0143  -0.0120   0.0136  -0.0067   0.00    0.0
2025/03/21 00:18:37.000  -2267045.2659   5006691.5865   3225621.8389   6  21   0.0147   0.0205   0.0153  -0.0117   0.0147  -0.0097   0.00    0.0
2025/03/21 00:18:38.000  -2267045.2631   5006691.5815   3225621.8370   6  21   0.0142   0.0207   0.0144  -0.0113   0.0145  -0.0084   0.00    0.0
2025/03/21 00:18:39.000  -2267045.2646   5006691.5859   3225621.8351   6  21   0.0143   0.0210   0.0138  -0.0123   0.0134  -0.0075   0.00    0.0
2025/03/21 00:18:40.000  -2267045.2655   5006691.5880   3225621.8352   6  21   0.0150   0.0199   0.0141  -0.0111   0.0147  -0.0101   0.00    0.0
2025/03/21 00:18:41.000  -2267045.2671   5006691.5845   3225621.8367   6  21   0.0148   0.0199   0.0144  -0.0134   0.0141  -0.0101   0.00    0.0
2025/03/21 00:18:42.000  -2267045.2645   5006691.5892   3225621.8361   6  21   0.0146   0.0210   0.0144  -0.0104   0.0147  -0.0097   0.00    0.0
2025/03/21 00:18:43.000  -2267045.2703   5006691.5933   3225621.8369   6  21   0.0153   0.0198   0.0137  -0.0121   0.0144  -0.0070   0.00    0.0
2025/03/21 00:18:44.000  -2267045.2604   5006691.5920   3225621.8403   6  21   0.0144   0.0198   0.0140  -0.0119   0.0131  -0.0098   0.00    0.0
2025/03/21 00:18:45.000  -2267045.2667   5006691.5890   3225621.8399   6  21   0.0142   0.0219   0.0145  -0.0121   0.0147  -0.0080   0.00    0.0
2025/03/21 00:18:46.000  -2267045.2653   5006691.5881   3225621.8378   6  21   0.0139   0.0196   0.0119  -0.0119   0.0129  -0.0082   0.00    0.0
2025/03/21 00:18:47.000  -2267045.2693   5006691.5945   3225621.8395   6  21   0.0144   0.0209   0.0147  -0.0119   0.0143  -0.0100   0.00    0.0
2025/03/21 00:18:48.000  -2267045.2690   5006691.5894   3225621.8395   6  21   0.0141   0.0199   0.0137  -0.0123   0.0131  -0.0091   0.00    0.0
2025/03/21 00:18:49.000  -2267045.2682   5006691.5883   3225621.8355   6  21   0.0141   0.0205   0.0129  -0.0120   0.0138  -0.0082   0.00    0.0
2025/03/21 00:18:50.000  -2267045.2663   5006691.5947   3225621.8415   6  21   0.0145   0.0201   0.0142  -0.0129   0.0148  -0.0103   0.00    0.0
2025/03/21 00:18:51.000  -2267045.2697   5006691.5909   3225621.8410   6  21   0.0150   0.0203   0.0135  -0.0136   0.0133  -0.0085   0.00    0.0
2025/03/21 00:18:52.000  -2267045.2687   5006691.5946   3225621.8426   6  21   0.0133   0.0211   0.0141  -0.0109   0.0144  -0.0080   0.00    0.0
2025/03/21 00:18:53.000  -2267045.2681   5006691.5926   3225621.8377   6  21   0.0143   0.0194   0.0151  -0.0121   0.0135  -0.0092   0.00    0.0
2025/03/21 00:18:54.000  -2267045.2704   5006691.5979   3225621.8438   6  21   0.0153   0.0208   0.0147  -0.0123   0.0136  -0.0083   0.00    0.0
2025/03/21 00:18:55.000  -2267045.2700   5006691.5914   3225621.8467   6  21   0.0146   0.0212   0.0144  -0.0115   0.0137  -0.0081   0.00    0.0
2025/03/21 00:18:56.000  -2267045.2658   5006691.5956   3225621.8391   6  21   0.0148   0.0200   0.0129  -0.0120   0.0126  -0.0067   0.00    0.0
2025/03/21 00:18:57.000  -2267045.2712   5006691.5943   3225621.8441   6  21   0.0155   0.0198   0.0138  -0.0131   0.0133  -0.0081   0.00    0.0
2025/03/21 00:18:58.000  -2267045.2661   5006691.5853   3225621.8367   6  21   0.0132   0.0209   0.0141  -0.0130   0.0142  -0.0095   0.00    0.0
2025/03/21 00:18:59.000  -2267045.2705   5006691.5963   3225621.8394   6  21   0.0141   0.0204   0.0143  -0.0123   0.0142  -0.0095   0.00    0.0
2025/03/21 00:19:00.000  -2267045.2712   5006691.5984   3225621.8442   6  21   0.0147   0.0191   0.0138  -0.0127   0.0121  -0.0099   0.00    0.0
2025/03/21 00:19:01.000  -2267045.2715   5006691.6006   3225621.8440   6  21   0.0150   0.0199   0.0147  -0.0130   0.0128  -0.0091   0.00    0.0
2025/03/21 00:19:02.000  -2267045.2667   5006691.5948   3225621.8406   6  21   0.0148   0.0214   0.0142  -0.0130   0.0145  -0.0073   0.00    0.0
2025/03/21 00:19:03.000  -2267045.2687   5006691.5939   3225621.8438   6  21   0.0144   0.0194   0.0144  -0.0120   0.0140  -0.0082   0.00    0.0
2025/03/21 00:19:04.000  -2267045.2643   5006691.5895   3225621.8346   6  21   0.0146   0.0215   0.0132  -0.0118   0.0143  -0.0081   0.00    0.0
2025/03/21 00:19:05.000  -2267045.2628   5006691.5890   3225621.8384   6  21   0.0138   0.0202   0.0147  -0.0114   0.0145  -0.0079   0.00    0.0
2025/03/21 00:19:06.000  -2267045.2661   5006691.5957   3225621.8404   6  20   0.0132   0.0212   0.0130  -0.0118   0.0141  -0.0088   0.00    0.0
2025/03/21 00:19:07.000  -2267045.2671   5006691.5892   3225621.8363   6  21   0.0144   0.0226   0.0138  -0.0136   0.0138  -0.0072   0.00    0.0
2025/03/21 00:19:08.000  -2267045.2648   5006691.5935   3225621.8423   6  21   0.0148   0.0214   0.0139  -0.0123   0.0144  -0.0078   0.00    0.0
2025/03/21 00:19:09.000  -2267045.2639   5006691.5873   3225621.8428   6  21   0.0149   0.0206   0.0139  -0.0137   0.0137  -0.0084   0.00    0.0
2025/03/21 00:19:10.000  -2267045.2633   5006691.5815   3225621.8351   6  21   0.0144   0.0201   0.0138  -0.0118   0.0142  -0.0088   0.00    0.0
2025/03/21 00:19:11.000  -2267045.2615   5006691.5851   3225621.8347   6  21   0.0142   0.0200   0.0151  -0.0117   0.0142  -0.0085   0.00    0.0
2025/03/21 00:19:12.000  -2267045.2667   5006691.5818   3225621.8355   6  21   0.0155   0.0210   0.0140  -0.0132   0.0143  -0.0099   0.00    0.0
2025/03/21 00:19:13.000  -2267045.2638   5006691.5875   3225621.8417   6  21   0.0147   0.0200   0.0144  -0.0119   0.0144  -0.0092   0.00    0.0
2025/03/21 00:19:14.000  -2267045.2579   5006691.5749   3225621.8359   6  21   0.0145   0.0210   0.0129  -0.0128   0.0131  -0.0082   0.00    0.0
2025/03/21 00:19:15.000  -2267045.2608   5006691.5825   3225621.8399   6  21   0.0152   0.0209   0.0134  -0.0129   0.0137  -0.0084   0.00    0.0
2025/03/21 00:19:16.000  -2267045.2574   5006691.5748   3225621.8316   6  21   0.0129   0.0197   0.0145  -0.0124   0.0138  -0.0093   0.00    0.0
2025/03/21 00:19:17.000  -2267045.2608   5006691.5817   3225621.8416   6  21   0.0145   0.0193   0.0135  -0.0117   0.0127  -0.0092   0.00    0.0
2025/03/21 00:19:18.000  -2267045.2588   5006691.5750   3225621.8299   6  21   0.0146   0.0199   0.0147  -0.0112   0.0148  -0.0098   0.00    0.0
2025/03/21 00:19:19.000  -2267045.2574   5006691.5771   3225621.8326   6  21   0.0148   0.0213   0.0142  -0.0127   0.0142  -0.0076   0.00    0.0
2025/03/21 00:19:20.000  -2267045.2616   5006691.5848   3225621.8366   6  21   0.0144   0.0191   0.0126  -0.0124   0.0130  -0.0067   0.00    0.0
2025/03/21 00:19:21.000  -2267045.2586   5006691.5773   3225621.8335   6  21   0.0143   0.0198   0.0145  -0.0113   0.0138  -0.0090   0.00    0.0
2025/03/21 00:19:22.000  -2267045.2569   5006691.5775   3225621.8317   6  21   0.0139   0.0196   0.0138  -0.0137   0.0144  -0.0099   0.00    0.0
2025/03/21 00:19:23.000  -2267045.2539   5006691.5772   3225621.8326   6  21   0.0146   0.0204   0.0146  -0.0128   0.0139  -0.0104   0.00    0.0
2025/03/21 00:19:24.000  -2267045.2586   5006691.5808   3225621.8330   6  21   0.0143   0.0190   0.0129  -0.0118   0.0123  -0.0083   0.00    0.0
2025/03/21 00:19:25.000  -2267045.2574   5006691.5775   3225621.8369   6  21   0.0141   0.0198   0.0149  -0.0116   0.0135  -0.0100   0.00    0.0
2025/03/21 00:19:26.000  -2267045.2595   5006691.5808   3225621.8321   6  20   0.0147   0.0204   0.0146  -0.0129   0.0142  -0.0086   0.00    0.0
2025/03/21 00:19:27.000  -2267045.2605   5006691.5778   3225621.8281   6  20   0.0149   0.0189   0.0134  -0.0109   0.0125  -0.0069   0.00    0.0
2025/03/21 00:19:28.000  -2267045.2588   5006691.5874   3225621.8355   6  20   0.0145   0.0196   0.0144  -0.0123   0.0137  -0.0080   0.00    0.0
2025/03/21 00:19:29.000  -2267045.2562   5006691.5802   3225621.8294   6  20   0.0146   0.0199   0.0144  -0.0130   0.0136  -0.0076   0.00    0.0
2025/03/21 00:19:30.000  -2267045.2563   5006691.5822   3225621.8317   6  20   0.0133   0.0204   0.0132  -0.0123   0.0144  -0.0097   0.00    0.0
2025/03/21 00:19:31.000  -2267045.2581   5006691.5819   3225621.8318   6  20   0.0137   0.0211   0.0130  -0.0131   0.0133  -0.0079   0.00    0.0
2025/03/21 00:19:32.000  -2267045.2608   5006691.5830   3225621.8260   6  20   0.0146   0.0211   0.0140  -0.0123   0.0144  -0.0096   0.00    0.0
2025/03/21 00:19:33.000  -2267045.2552   5006691.5785   3225621.8270   6  20   0.0146   0.0212   0.0136  -0.0126   0.0138  -0.0089   0.00    0.0
2025/03/21 00:19:34.000  -2267045.2570   5006691.5788   3225621.8279   6  20   0.0140   0.0191   0.0129  -0.0122   0.0137  -0.0088   0.00    0.0
2025/03/21 00:19:35.000  -2267045.2588   5006691.5818   3225621.8342   6  20   0.0146   0.0215   0.0128  -0.0118   0.0141  -0.0078   0.00    0.0
2025/03/21 00:19:36.000  -2267045.2601   5006691.5816   3225621.8284   6  20   0.0147   0.0197   0.0135  -0.0114   0.0135  -0.0082   0.00    0.0
2025/03/21 00:19:37.000  -2267045.2561   5006691.5824   3225621.8316   6  20   0.0139   0.0205   0.0140  -0.0128   0.0135  -0.0086   0.00    0.0
2025/03/21 00:19:38.000  -2267045.2581   5006691.5732   3225621.8266   6  20   0.0142   0.0207   0.0137  -0.0118   0.0141  -0.0080   0.00    0.0
2025/03/21 00:19:39.000  -2267045.2603   5006691.5826   3225621.8333   6  20   0.0146   0.0215   0.0141  -0.0119   0.0141  -0.0066   0.00    0.0
2025/03/21 00:19:40.000  -2267045.2567   5006691.5878   3225621.8334   6  20   0.0131   0.0201   0.0152  -0.0107   0.0138  -0.0097   0.00    0.0
2025/03/21 00:19:41.000  -2267045.2560   5006691.5812   3225621.8317   6  20   0.0143   0.0202   0.0137  -0.0127   0.0137  -0.0099   0.00    0.0
2025/03/21 00:19:42.000  -2267045.2567   5006691.5838   3225621.8336   6  20   0.0144   0.0200   0.0131  -0.0134   0.0138  -0.0084   0.00    0.0
2025/03/21 00:19:43.000  -2267045.2577   5006691.5775   3225621.8237   6  20   0.0141   0.0206   0.0134  -0.0124   0.0143  -0.0094   0.00    0.0
2025/03/21 00:19:44.000  -2267045.2575   5006691.5723   3225621.8308   6  20   0.0147   0.0201   0.0139  -0.0130   0.0133  -0.0085   0.00    0.0
2025/03/21 00:19:45.000  -2267045.2559   5006691.5834   3225621.8359   6  20   0.0151   0.0185   0.0140  -0.0125   0.0129  -0.0092   0.00    0.0
2025/03/21 00:19:46.000  -2267045.2528   5006691.5810   3225621.8355   6  20   0.0149   0.0212   0.0151  -0.0140   0.0148  -0.0106   0.00    0.0
2025/03/21 00:19:47.000  -2267045.2496   5006691.5832   3225621.8362   6  20   0.0131   0.0199   0.0147  -0.0115   0.0140  -0.0098   0.00    0.0
2025/03/21 00:19:48.000  -2267045.2526   5006691.5846   3225621.8387   6  21   0.0146   0.0213   0.0146  -0.0128   0.0143  -0.0094   0.00    0.0
2025/03/21 00:19:49.000  -2267045.2508   5006691.5807   3225621.8349   6  21   0.0139   0.0210   0.0137  -0.0130   0.0146  -0.0096   0.00    0.0
2025/03/21 00:19:50.000  -2267045.2518   5006691.5833   3225621.8339   6  21   0.0146   0.0198   0.0138  -0.0128   0.0131  -0.0065   0.00    0.0
2025/03/21 00:19:51.000  -2267045.2531   5006691.5871   3225621.8362   6  21   0.0144   0.0194   0.0136  -0.0113   0.0123  -0.0078   0.00    0.0
2025/03/21 00:19:52.000  -2267045.2529   5006691.5816   3225621.8306   6  21   0.0141   0.0203   0.0157  -0.0122   0.0143  -0.0103   0.00    0.0
2025/03/21 00:19:53.000  -2267045.2481   5006691.5771   3225621.8329   6  21   0.0136   0.0213   0.0140  -0.0118   0.0143  -0.0081   0.00    0.0
2025/03/21 00:19:54.000  -2267045.2537   5006691.5804   3225621.8285   6  21   0.0139   0.0197   0.0142  -0.0123   0.0149  -0.0085   0.00    0.0
2025/03/21 00:19:55.000  -2267045.2463   5006691.5834   3225621.8349   6  21   0.0130   0.0202   0.0135  -0.0130   0.0130  -0.0102   0.00    0.0
2025/03/21 00:19:56.000  -2267045.2543   5006691.5792   3225621.8363   6  21   0.0139   0.0203   0.0138  -0.0121   0.0137  -0.0096   0.00    0.0
2025/03/21 00:19:57.000  -2267045.2525   5006691.5853   3225621.8380   6  21   0.0143   0.0197   0.0140  -0.0113   0.0144  -0.0088   0.00    0.0
2025/03/21 00:19:58.000  -2267045.2465   5006691.5822   3225621.8343   6  21   0.0136   0.0193   0.0131  -0.0122   0.0131  -0.0096   0.00    0.0
2025/03/21 00:19:59.000  -2267045.2492   5006691.5820   3225621.8331   6  21   0.0140   0.0204   0.0138  -0.0124   0.0127  -0.0080   0.00    0.0
2025/03/21 00:20:00.000  -2267045.2488   5006691.5798   3225621.8350   6  21   0.0147   0.0200   0.0138  -0.0126   0.0145  -0.0098   0.00    0.0
2025/03/21 00:20:01.000  -2267045.2490   5006691.5724   3225621.8341   6  21   0.0129   0.0197   0.0134  -0.0128   0.0131  -0.0086   0.00    0.0
2025/03/21 00:20:02.000  -2267045.2500   5006691.5764   3225621.8292   6  21   0.0137   0.0199   0.0138  -0.0124   0.0143  -0.0070   0.00    0.0
2025/03/21 00:20:03.000  -2267045.2481   5006691.5800   3225621.8310   6  21   0.0141   0.0194   0.0129  -0.0128   0.0131  -0.0062   0.00    0.0
2025/03/21 00:20:04.000  -2267045.2450   5006691.5779   3225621.8298   6  21   0.0135   0.0208   0.0137  -0.0111   0.0151  -0.0070   0.00    0.0
2025/03/21 00:20:05.000  -2267045.2433   5006691.5719   3225621.8246   6  21   0.0137   0.0181   0.0141  -0.0119   0.0134  -0.0094   0.00    0.0
2025/03/21 00:20:06.000  -2267045.2422   5006691.5744   3225621.8256   6  21   0.0140   0.0206   0.0142  -0.0114   0.0123  -0.0087   0.00    0.0
2025/03/21 00:20:07.000  -2267045.2437   5006691.5756   3225621.8266   6  20   0.0137   0.0210   0.0149  -0.0140   0.0138  -0.0098   0.00    0.0
2025/03/21 00:20:08.000  -2267045.2452   5006691.5722   3225621.8233   6  21   0.0128   0.0196   0.0144  -0.0127   0.0141  -0.0100   0.00    0.0
2025/03/21 00:20:09.000  -2267045.2442   5006691.5840   3225621.8248   6  21   0.0141   0.0187   0.0135  -0.0121   0.0125  -0.0080   0.00    0.0
2025/03/21 00:20:10.000  -2267045.2459   5006691.5770   3225621.8216   6  21   0.0136   0.0197   0.0124  -0.0126   0.0127  -0.0088   0.00    0.0
2025/03/21 00:20:11.000  -2267045.2471   5006691.5843   3225621.8277   6  21   0.0140   0.0195   0.0146  -0.0116   0.0142  -0.0101   0.00    0.0
2025/03/21 00:20:12.000  -2267045.2450   5006691.5766   3225621.8237   6  21   0.0135   0.0197   0.0156  -0.0121   0.0133  -0.0097   0.00    0.0
2025/03/21 00:20:13.000  -2267045.2426   5006691.5828   3225621.8318   6  21   0.0136   0.0195   0.0137  -0.0120   0.0131  -0.0098   0.00    0.0
2025/03/21 00:20:14.000  -2267045.2445   5006691.5834   3225621.8309   6  21   0.0142   0.0197   0.0145  -0.0133   0.0141  -0.0096   0.00    0.0
2025/03/21 00:20:15.000  -2267045.2418   5006691.5866   3225621.8277   6  21   0.0135   0.0208   0.0146  -0.0119   0.0140  -0.0094   0.00    0.0
2025/03/21 00:20:16.000  -2267045.2424   5006691.5862   3225621.8323   6  21   0.0142   0.0207   0.0124  -0.0120   0.0133  -0.0075   0.00    0.0
2025/03/21 00:20:17.000  -2267045.2415   5006691.5862   3225621.8314   6  21   0.0137   0.0181   0.0134  -0.0120   0.0127  -0.0068   0.00    0.0
2025/03/21 00:20:18.000  -2267045.2463   5006691.5893   3225621.8394   6  21   0.0138   0.0201   0.0145  -0.0113   0.0150  -0.0096   0.00    0.0
2025/03/21 00:20:19.000  -2267045.2410   5006691.5813   3225621.8315   6  21   0.0126   0.0196   0.0131  -0.0116   0.0135  -0.0092   0.00    0.0
2025/03/21 00:20:20.000  -2267045.2363   5006691.5768   3225621.8237   6  21   0.0132   0.0201   0.0135  -0.0108   0.0128  -0.0070   0.00    0.0
2025/03/21 00:20:21.000  -2267045.2389   5006691.5877   3225621.8333   6  21   0.0134   0.0194   0.0135  -0.0118   0.0118  -0.0092   0.00    0.0
2025/03/21 00:20:22.000  -2267045.2405   5006691.5825   3225621.8334   6  21   0.0127   0.0197   0.0142  -0.0112   0.0144  -0.0085   0.00    0.0
2025/03/21 00:20:23.000  -2267045.2368   5006691.5859   3225621.8327   6  21   0.0139   0.0201   0.0128  -0.0116   0.0125  -0.0077   0.00    0.0
2025/03/21 00:20:24.000  -2267045.2433   5006691.5890   3225621.8331   6  21   0.0138   0.0195   0.0140  -0.0130   0.0134  -0.0086   0.00    0.0
2025/03/21 00:20:25.000  -2267045.2342   5006691.5818   3225621.8278   6  21   0.0131   0.0191   0.0131  -0.0116   0.0134  -0.0091   0.00    0.0
2025/03/21 00:20:26.000  -2267045.2376   5006691.5828   3225621.8309   6  21   0.0138   0.0197   0.0145  -0.0121   0.0140  -0.0080   0.00    0.0
2025/03/21 00:20:27.000  -2267045.2399   5006691.5884   3225621.8353   6  21   0.0132   0.0196   0.0148  -0.0104   0.0137  -0.0093   0.00    0.0
2025/03/21 00:20:28.000  -2267045.2340   5006691.5852   3225621.8291   6  21   0.0135   0.0200   0.0138  -0.0122   0.0134  -0.0085   0.00    0.0
2025/03/21 00:20:29.000  -2267045.2332   5006691.5884   3225621.8288   6  21   0.0144   0.0189   0.0136  -0.0120   0.0117  -0.0039   0.00    0.0
2025/03/21 00:20:30.000  -2267045.2377   5006691.5900   3225621.8338   6  21   0.0132   0.0187   0.0123  -0.0131   0.0113  -0.0084   0.00    0.0
2025/03/21 00:20:31.000  -2267045.2355   5006691.5900   3225621.8354   6  21   0.0136   0.0190   0.0131  -0.0119   0.0129  -0.0083   0.00    0.0
2025/03/21 00:20:32.000  -2267045.2339   5006691.5842   3225621.8287   6  21   0.0139   0.0196   0.0135  -0.0122   0.0134  -0.0083   0.00    0.0
2025/03/21 00:20:33.000  -2267045.2313   5006691.5866   3225621.8283   6  21   0.0139   0.0203   0.0132  -0.0112   0.0134  -0.0083   0.00    0.0
2025/03/21 00:20:34.000  -2267045.2281   5006691.5865   3225621.8284   6  21   0.0120   0.0195   0.0129  -0.0099   0.0131  -0.0082   0.00    0.0
2025/03/21 00:20:35.000  -2267045.2319   5006691.5932   3225621.8361   6  21   0.0126   0.0190   0.0147  -0.0099   0.0142  -0.0096   0.00    0.0
2025/03/21 00:20:36.000  -2267045.2351   5006691.5905   3225621.8333   6  21   0.0132   0.0189   0.0143  -0.0105   0.0132  -0.0083   0.00    0.0
2025/03/21 00:20:37.000  -2267045.2310   5006691.5935   3225621.8334   6  21   0.0146   0.0199   0.0144  -0.0112   0.0134  -0.0090   0.00    0.0
2025/03/21 00:20:38.000  -2267045.2320   5006691.5974   3225621.8349   6  21   0.0140   0.0210   0.0126  -0.0119   0.0134  -0.0069   0.00    0.0
2025/03/21 00:20:39.000  -2267045.2339   5006691.5987   3225621.8326   6  21   0.0131   0.0203   0.0142  -0.0120   0.0141  -0.0085   0.00    0.0
2025/03/21 00:20:40.000  -2267045.2260   5006691.5827   3225621.8267   6  21   0.0131   0.0194   0.0138  -0.0099   0.0140  -0.0074   0.00    0.0
2025/03/21 00:20:41.000  -2267045.2284   5006691.5908   3225621.8299   6  21   0.0128   0.0199   0.0145  -0.0126   0.0135  -0.0098   0.00    0.0
2025/03/21 00:20:42.000  -2267045.2333   5006691.6024   3225621.8333   6  21   0.0130   0.0211   0.0129  -0.0105   0.0148  -0.0089   0.00    0.0
2025/03/21 00:20:43.000  -2267045.2267   5006691.5938   3225621.8274   6  21   0.0135   0.0185   0.0139  -0.0115   0.0127  -0.0092   0.00    0.0
2025/03/21 00:20:44.000  -2267045.2242   5006691.5894   3225621.8309   6  21   0.0140   0.0199   0.0145  -0.0105   0.0134  -0.0078   0.00    0.0
2025/03/21 00:20:45.000  -2267045.2290   5006691.5959   3225621.8278   6  21   0.0146   0.0190   0.0153  -0.0116   0.0140  -0.0091   0.00    0.0
2025/03/21 00:20:46.000  -2267045.2271   5006691.5906   3225621.8259   6  20   0.0138   0.0193   0.0137  -0.0126   0.0137  -0.0100   0.00    0.0
2025/03/21 00:20:47.000  -2267045.2294   5006691.5970   3225621.8282   6  20   0.0136   0.0215   0.0128  -0.0121   0.0129  -0.0067   0.00    0.0
2025/03/21 00:20:48.000  -2267045.2267   5006691.5925   3225621.8280   6  20   0.0143   0.0207   0.0135  -0.0121   0.0139  -0.0078   0.00    0.0
2025/03/21 00:20:49.000  -2267045.2280   5006691.5960   3225621.8326   6  20   0.0123   0.0206   0.0140  -0.0105   0.0158  -0.0112   0.00    0.0
2025/03/21 00:20:50.000  -2267045.2278   5006691.5922   3225621.8287   6  20   0.0132   0.0197   0.0133  -0.0117   0.0140  -0.0077   0.00    0.0
2025/03/21 00:20:51.000  -2267045.2297   5006691.5903   3225621.8262   6  20   0.0144   0.0196   0.0140  -0.0129   0.0150  -0.0086   0.00    0.0
2025/03/21 00:20:52.000  -2267045.2307   5006691.5959   3225621.8285   6  20   0.0145   0.0197   0.0147  -0.0129   0.0148  -0.0083   0.00    0.0
2025/03/21 00:20:53.000  -2267045.2298   5006691.5999   3225621.8312   6  20   0.0135   0.0211   0.0135  -0.0121   0.0149  -0.0086   0.00    0.0
2025/03/21 00:20:54.000  -2267045.2289   5006691.5946   3225621.8257   6  20   0.0139   0.0208   0.0133  -0.0133   0.0136  -0.0091   0.00    0.0
2025/03/21 00:20:55.000  -2267045.2341   5006691.5974   3225621.8319   6  20   0.0139   0.0193   0.0138  -0.0120   0.0136  -0.0081   0.00    0.0
2025/03/21 00:20:56.000  -2267045.2324   5006691.5950   3225621.8340   6  20   0.0139   0.0197   0.0141  -0.0105   0.0130  -0.0088   0.00    0.0
2025/03/21 00:20:57.000  -2267045.2285   5006691.5989   3225621.8347   6  20   0.0135   0.0195   0.0135  -0.0114   0.0143  -0.0090   0.00    0.0
2025/03/21 00:20:58.000  -2267045.2329   5006691.6033   3225621.8379   6  20   0.0136   0.0199   0.0138  -0.0109   0.0136  -0.0084   0.00    0.0
2025/03/21 00:20:59.000  -2267045.2306   5006691.5997   3225621.8328   6  20   0.0131   0.0185   0.0145  -0.0108   0.0136  -0.0092   0.00    0.0
2025/03/21 00:21:00.000  -2267045.2283   5006691.6034   3225621.8362   6  20   0.0136   0.0184   0.0141  -0.0117   0.0138  -0.0078   0.00    0.0
2025/03/21 00:21:01.000  -2267045.2281   5006691.5958   3225621.8306   6  20   0.0142   0.0195   0.0139  -0.0119   0.0135  -0.0087   0.00    0.0
2025/03/21 00:21:02.000  -2267045.2271   5006691.5949   3225621.8333   6  20   0.0129   0.0204   0.0141  -0.0122   0.0134  -0.0078   0.00    0.0
2025/03/21 00:21:03.000  -2267045.2267   5006691.5930   3225621.8312   6  20   0.0136   0.0195   0.0138  -0.0125   0.0122  -0.0076   0.00    0.0
2025/03/21 00:21:04.000  -2267045.2235   5006691.5965   3225621.8367   6  20   0.0131   0.0201   0.0146  -0.0106   0.0142  -0.0091   0.00    0.0
2025/03/21 00:21:05.000  -2267045.2230   5006691.5932   3225621.8297   6  20   0.0137   0.0194   0.0142  -0.0130   0.0141  -0.0077   0.00    0.0
2025/03/21 00:21:06.000  -2267045.2247   5006691.5984   3225621.8370   6  20   0.0138   0.0204   0.0143  -0.0104   0.0151  -0.0088   0.00    0.0
2025/03/21 00:21:07.000  -2267045.2204   5006691.5931   3225621.8248   6  20   0.0149   0.0186   0.0134  -0.0123   0.0139  -0.0092   0.00    0.0
2025/03/21 00:21:08.000  -2267045.2265   5006691.5960   3225621.8404   6  20   0.0137   0.0194   0.0129  -0.0120   0.0139  -0.0078   0.00    0.0
2025/03/21 00:21:09.000  -2267045.2277   5006691.6001   3225621.8374   6  20   0.0136   0.0206   0.0142  -0.0120   0.0147  -0.0087   0.00    0.0
2025/03/21 00:21:10.000  -2267045.2237   5006691.5857   3225621.8330   6  20   0.0134   0.0208   0.0124  -0.0107   0.0147  -0.0073   0.00    0.0
2025/03/21 00:21:11.000  -2267045.2278   5006691.5971   3225621.8387   6  20   0.0138   0.0210   0.0139  -0.0117   0.0140  -0.0088   0.00    0.0
2025/03/21 00:21:12.000  -2267045.2229   5006691.5905   3225621.8344   6  20   0.0134   0.0198   0.0147  -0.0112   0.0143  -0.0090   0.00    0.0
2025/03/21 00:21:13.000  -2267045.2303   5006691.5983   3225621.8409   6  20   0.0139   0.0199   0.0140  -0.0114   0.0134  -0.0090   0.00    0.0
2025/03/21 00:21:14.000  -2267045.2267   5006691.5917   3225621.8339   6  20   0.0129   0.0201   0.0141  -0.0121   0.0134  -0.0078   0.00    0.0
2025/03/21 00:21:15.000  -2267045.2243   5006691.6008   3225621.8415   6  20   0.0141   0.0192   0.0135  -0.0117   0.0142  -0.0081   0.00    0.0
2025/03/21 00:21:16.000  -2267045.2237   5006691.5893   3225621.8304   6  20   0.0136   0.0209   0.0152  -0.0128   0.0137  -0.0100   0.00    0.0
2025/03/21 00:21:17.000  -2267045.2237   5006691.5953   3225621.8341   6  20   0.0153   0.0206   0.0131  -0.0123   0.0133  -0.0080   0.00    0.0
2025/03/21 00:21:18.000  -2267045.2238   5006691.5988   3225621.8365   6  20   0.0126   0.0195   0.0129  -0.0115   0.0119  -0.0077   0.00    0.0
2025/03/21 00:21:19.000  -2267045.2226   5006691.5933   3225621.8344   6  20   0.0141   0.0195   0.0131  -0.0116   0.0135  -0.0089   0.00    0.0
2025/03/21 00:21:20.000  -2267045.2267   5006691.6033   3225621.8411   6  20   0.0130   0.0199   0.0136  -0.0125   0.0131  -0.0089   0.00    0.0
2025/03/21 00:21:21.000  -2267045.2281   5006691.6001   3225621.8371   6  20   0.0125   0.0199   0.0139  -0.0131   0.0141  -0.0089   0.00    0.0
2025/03/21 00:21:22.000  -2267045.2260   5006691.5990   3225621.8371   6  20   0.0141   0.0201   0.0149  -0.0129   0.0141  -0.0092   0.00    0.0
2025/03/21 00:21:23.000  -2267045.2320   5006691.6041   3225621.8406   6  20   0.0140   0.0197   0.0134  -0.0128   0.0139  -0.0096   0.00    0.0
2025/03/21 00:21:24.000  -2267045.2259   5006691.5993   3225621.8362   6  20   0.0140   0.0193   0.0142  -0.0117   0.0138  -0.0088   0.00    0.0
2025/03/21 00:21:25.000  -2267045.2261   5006691.5965   3225621.8349   6  20   0.0124   0.0196   0.0138  -0.0121   0.0131  -0.0075   0.00    0.0
2025/03/21 00:21:26.000  -2267045.2256   5006691.5976   3225621.8325   6  20   0.0140   0.0194   0.0152  -0.0118   0.0142  -0.0090   0.00    0.0
2025/03/21 00:21:27.000  -2267045.2256   5006691.5944   3225621.8339   6  20   0.0140   0.0202   0.0139  -0.0121   0.0135  -0.0068   0.00    0.0
2025/03/21 00:21:28.000  -2267045.2240   5006691.5929   3225621.8320   6  20   0.0117   0.0189   0.0137  -0.0114   0.0140  -0.0097   0.00    0.0
2025/03/21 00:21:29.000  -2267045.2237   5006691.5972   3225621.8348   6  20   0.0126   0.0198   0.0137  -0.0125   0.0129  -0.0063   0.00    0.0
2025/03/21 00:21:30.000  -2267045.2276   5006691.5949   3225621.8310   6  20   0.0130   0.0189   0.0135  -0.0110   0.0129  -0.0083   0.00    0.0
2025/03/21 00:21:31.000  -2267045.2249   5006691.5970   3225621.8359   6  20   0.0134   0.0188   0.0129  -0.0110   0.0131  -0.0079   0.00    0.0
2025/03/21 00:21:32.000  -2267045.2219   5006691.5926   3225621.8349   6  20   0.0126   0.0194   0.0137  -0.0120   0.0137  -0.0083   0.00    0.0
2025/03/21 00:21:33.000  -2267045.2286   5006691.6039   3225621.8426   6  20   0.0136   0.0192   0.0145  -0.0124   0.0130  -0.0090   0.00    0.0
2025/03/21 00:21:34.000  -2267045.2247   5006691.5897   3225621.8393   6  20   0.0133   0.0192   0.0134  -0.0106   0.0135  -0.0079   0.00    0.0
2025/03/21 00:21:35.000  -2267045.2269   5006691.5936   3225621.8411   6  20   0.0124   0.0196   0.0143  -0.0112   0.0134  -0.0078   0.00    0.0
2025/03/21 00:21:36.000  -2267045.2237   5006691.5951   3225621.8392   6  20   0.0134   0.0198   0.0144  -0.0121   0.0141  -0.0097   0.00    0.0
2025/03/21 00:21:37.000  -2267045.2198   5006691.5929   3225621.8386   6  20   0.0135   0.0190   0.0138  -0.0124   0.0127  -0.0071   0.00    0.0
2025/03/21 00:21:38.000  -2267045.2238   5006691.6012   3225621.8379   6  20   0.0124   0.0174   0.0130  -0.0122   0.0132  -0.0078   0.00    0.0
2025/03/21 00:21:39.000  -2267045.2188   5006691.5890   3225621.8345   6  20   0.0140   0.0181   0.0134  -0.0106   0.0139  -0.0093   0.00    0.0
2025/03/21 00:21:40.000  -2267045.2188   5006691.5892   3225621.8344   6  20   0.0129   0.0190   0.0136  -0.0110   0.0130  -0.0078   0.00    0.0
2025/03/21 00:21:41.000  -2267045.2221   5006691.5956   3225621.8392   6  20   0.0127   0.0191   0.0137  -0.0129   0.0125  -0.0094   0.00    0.0
2025/03/21 00:21:42.000  -2267045.2273   5006691.5994   3225621.8454   6  20   0.0136   0.0180   0.0125  -0.0110   0.0122  -0.0077   0.00    0.0
2025/03/21 00:21:43.000  -2267045.2257   5006691.6017   3225621.8448   6  20   0.0140   0.0192   0.0137  -0.0127   0.0127  -0.0095   0.00    0.0
2025/03/21 00:21:44.000  -2267045.2265   5006691.5983   3225621.8411   6  20   0.0133   0.0200   0.0144  -0.0112   0.0140  -0.0075   0.00    0.0
2025/03/21 00:21:45.000  -2267045.2249   5006691.6009   3225621.8441   6  20   0.0133   0.0203   0.0135  -0.0104   0.0136  -0.0085   0.00    0.0
2025/03/21 00:21:46.000  -2267045.2224   5006691.5992   3225621.8406   6  20   0.0133   0.0206   0.0138  -0.0117   0.0136  -0.0072   0.00    0.0
2025/03/21 00:21:47.000  -2267045.2260   5006691.6027   3225621.8451   6  20   0.0133   0.0196   0.0146  -0.0127   0.0130  -0.0084   0.00    0.0
2025/03/21 00:21:48.000  -2267045.2229   5006691.6004   3225621.8425   6  20   0.0131   0.0191   0.0144  -0.0121   0.0131  -0.0081   0.00    0.0
2025/03/21 00:21:49.000  -2267045.2256   5006691.6092   3225621.8483   6  21   0.0130   0.0180   0.0135  -0.0104   0.0116  -0.0077   0.00    0.0
2025/03/21 00:21:50.000  -2267045.2245   5006691.6013   3225621.8392   6  20   0.0128   0.0190   0.0125  -0.0128   0.0130  -0.0081   0.00    0.0
2025/03/21 00:21:51.000  -2267045.2209   5006691.5940   3225621.8416   6  21   0.0134   0.0188   0.0136  -0.0123   0.0131  -0.0080   0.00    0.0
2025/03/21 00:21:52.000  -2267045.2200   5006691.5997   3225621.8470   6  21   0.0125   0.0209   0.0140  -0.0112   0.0146  -0.0104   0.00    0.0
2025/03/21 00:21:53.000  -2267045.2268   5006691.6021   3225621.8398   6  21   0.0128   0.0198   0.0135  -0.0101   0.0134  -0.0076   0.00    0.0
2025/03/21 00:21:54.000  -2267045.2232   5006691.5984   3225621.8395   6  21   0.0136   0.0200   0.0131  -0.0126   0.0133  -0.0083   0.00    0.0
2025/03/21 00:21:55.000  -2267045.2233   5006691.6029   3225621.8401   6  21   0.0123   0.0184   0.0147  -0.0094   0.0137  -0.0082   0.00    0.0
2025/03/21 00:21:56.000  -2267045.2238   5006691.5981   3225621.8379   6  21   0.0132   0.0186   0.0143  -0.0115   0.0135  -0.0078   0.00    0.0
2025/03/21 00:21:57.000  -2267045.2294   5006691.6050   3225621.8426   6  21   0.0130   0.0181   0.0131  -0.0108   0.0113  -0.0080   0.00    0.0
2025/03/21 00:21:58.000  -2267045.2257   5006691.5988   3225621.8425   6  21   0.0127   0.0199   0.0139  -0.0115   0.0133  -0.0100   0.00    0.0
2025/03/21 00:21:59.000  -2267045.2251   5006691.5961   3225621.8386   6  21   0.0136   0.0175   0.0127  -0.0108   0.0125  -0.0080   0.00    0.0
2025/03/21 00:22:00.000  -2267045.2302   5006691.5963   3225621.8419   6  21   0.0122   0.0193   0.0139  -0.0117   0.0137  -0.0101   0.00    0.0
2025/03/21 00:22:01.000  -2267045.2269   5006691.5936   3225621.8455   6  21   0.0138   0.0177   0.0141  -0.0123   0.0136  -0.0090   0.00    0.0
2025/03/21 00:22:02.000  -2267045.2232   5006691.5863   3225621.8335   6  20   0.0132   0.0189   0.0143  -0.0106   0.0129  -0.0091   0.00    0.0
2025/03/21 00:22:03.000  -2267045.2232   5006691.5956   3225621.8384   6  20   0.0127   0.0190   0.0141  -0.0112   0.0133  -0.0079   0.00    0.0
2025/03/21 00:22:04.000  -2267045.2199   5006691.5870   3225621.8371   6  20   0.0118   0.0198   0.0133  -0.0106   0.0150  -0.0102   0.00    0.0
2025/03/21 00:22:05.000  -2267045.2240   5006691.5911   3225621.8371   6  20   0.0130   0.0179   0.0128  -0.0100   0.0128  -0.0068   0.00    0.0
2025/03/21 00:22:06.000  -2267045.2218   5006691.5896   3225621.8350   6  20   0.0140   0.0190   0.0136  -0.0126   0.0136  -0.0080   0.00    0.0
2025/03/21 00:22:07.000  -2267045.2260   5006691.5885   3225621.8353   6  20   0.0131   0.0186   0.0129  -0.0116   0.0129  -0.0074   0.00    0.0
2025/03/21 00:22:08.000  -2267045.2209   5006691.5900   3225621.8320   6  20   0.0138   0.0204   0.0142  -0.0120   0.0136  -0.0073   0.00    0.0
2025/03/21 00:22:09.000  -2267045.2272   5006691.5859   3225621.8332   6  20   0.0109   0.0172   0.0128  -0.0106   0.0132  -0.0081   0.00    0.0
2025/03/21 00:22:10.000  -2267045.2240   5006691.5870   3225621.8295   6  20   0.0131   0.0183   0.0129  -0.0116   0.0135  -0.0090   0.00    0.0
2025/03/21 00:22:11.000  -2267045.2241   5006691.5903   3225621.8347   6  20   0.0142   0.0195   0.0143  -0.0113   0.0139  -0.0099   0.00    0.0
2025/03/21 00:22:12.000  -2267045.2255   5006691.5894   3225621.8375   6  20   0.0129   0.0183   0.0139  -0.0114   0.0114  -0.0081   0.00    0.0
2025/03/21 00:22:13.000  -2267045.2238   5006691.5890   3225621.8330   6  20   0.0135   0.0190   0.0146  -0.0122   0.0135  -0.0084   0.00    0.0
2025/03/21 00:22:14.000  -2267045.2213   5006691.5848   3225621.8313   6  20   0.0129   0.0190   0.0138  -0.0107   0.0137  -0.0084   0.00    0.0
2025/03/21 00:22:15.000  -2267045.2227   5006691.5940   3225621.8355   6  20   0.0132   0.0201   0.0135  -0.0121   0.0140  -0.0084   0.00    0.0
2025/03/21 00:22:16.000  -2267045.2221   5006691.6068   3225621.8386   6  20   0.0133   0.0191   0.0143  -0.0125   0.0123  -0.0083   0.00    0.0
2025/03/21 00:22:17.000  -2267045.2248   5006691.5919   3225621.8337   6  20   0.0129   0.0197   0.0147  -0.0118   0.0139  -0.0091   0.00    0.0
2025/03/21 00:22:18.000  -2267045.2182   5006691.5903   3225621.8294   6  20   0.0140   0.0188   0.0137  -0.0126   0.0141  -0.0083   0.00    0.0
2025/03/21 00:22:19.000  -2267045.2234   5006691.5915   3225621.8404   6  20   0.0130   0.0182   0.0132  -0.0123   0.0124  -0.0074   0.00    0.0
2025/03/21 00:22:20.000  -2267045.2211   5006691.5900   3225621.8331   6  20   0.0135   0.0190   0.0131  -0.0115   0.0136  -0.0072   0.00    0.0
2025/03/21 00:22:21.000  -2267045.2225   5006691.5961   3225621.8354   6  20   0.0132   0.0198   0.0137  -0.0109   0.0137  -0.0072   0.00    0.0
2025/03/21 00:22:22.000  -2267045.2215   5006691.5948   3225621.8333   6  20   0.0125   0.0195   0.0138  -0.0127   0.0133  -0.0091   0.00    0.0
2025/03/21 00:22:23.000  -2267045.2262   5006691.5912   3225621.8302   6  20   0.0127   0.0182   0.0144  -0.0117   0.0128  -0.0101   0.00    0.0
2025/03/21 00:22:24.000  -2267045.2243   5006691.5966   3225621.8300   6  20   0.0124   0.0182   0.0134  -0.0112   0.0132  -0.0088   0.00    0.0
2025/03/21 00:22:25.000  -2267045.2276   5006691.6021   3225621.8353   6  20   0.0134   0.0179   0.0135  -0.0100   0.0116  -0.0069   0.00    0.0
2025/03/21 00:22:26.000  -2267045.2245   5006691.5935   3225621.8313   6  20   0.0127   0.0187   0.0137  -0.0123   0.0127  -0.0084   0.00    0.0
2025/03/21 00:22:27.000  -2267045.2198   5006691.5912   3225621.8314   6  20   0.0134   0.0185   0.0140  -0.0099   0.0138  -0.0089   0.00    0.0
2025/03/21 00:22:28.000  -2267045.2224   5006691.5983   3225621.8301   6  20   0.0130   0.0200   0.0137  -0.0114   0.0125  -0.0081   0.00    0.0
2025/03/21 00:22:29.000  -2267045.2247   5006691.6031   3225621.8344   6  20   0.0140   0.0183   0.0124  -0.0126   0.0121  -0.0080   0.00    0.0
2025/03/21 00:22:30.000  -2267045.2254   5006691.6021   3225621.8333   6  20   0.0133   0.0191   0.0144  -0.0114   0.0139  -0.0092   0.00    0.0
2025/03/21 00:22:31.000  -2267045.2188   5006691.5940   3225621.8264   6  20   0.0119   0.0200   0.0128  -0.0110   0.0130  -0.0062   0.00    0.0
2025/03/21 00:22:32.000  -2267045.2217   5006691.5976   3225621.8344   6  20   0.0140   0.0193   0.0140  -0.0104   0.0134  -0.0082   0.00    0.0
2025/03/21 00:22:33.000  -2267045.2238   5006691.6132   3225621.8430   6  20   0.0128   0.0183   0.0119  -0.0107   0.0127  -0.0066   0.00    0.0
2025/03/21 00:22:34.000  -2267045.2238   5006691.6036   3225621.8340   6  20   0.0143   0.0192   0.0137  -0.0118   0.0129  -0.0083   0.00    0.0
2025/03/21 00:22:35.000  -2267045.2244   5006691.6031   3225621.8354   6  20   0.0130   0.0189   0.0144  -0.0112   0.0125  -0.0093   0.00    0.0
2025/03/21 00:22:36.000  -2267045.2259   5006691.6146   3225621.8408   6  20   0.0129   0.0191   0.0142  -0.0117   0.0140  -0.0089   0.00    0.0
2025/03/21 00:22:37.000  -2267045.2216   5006691.6053   3225621.8358   6  20   0.0126   0.0191   0.0137  -0.0110   0.0132  -0.0073   0.00    0.0
2025/03/21 00:22:38.000  -2267045.2208   5006691.6886   3225621.8787   6  19   0.0144   0.0220   0.0146  -0.0149   0.0160  -0.0113   0.00    0.0
2025/03/21 00:22:39.000  -2267045.2227   5006691.6077   3225621.8431   6  20   0.0127   0.0186   0.0132  -0.0116   0.0131  -0.0085   0.00    0.0
2025/03/21 00:22:40.000  -2267045.2256   5006691.6138   3225621.8470   6  20   0.0126   0.0183   0.0141  -0.0121   0.0128  -0.0081   0.00    0.0
2025/03/21 00:22:41.000  -2267045.2265   5006691.6096   3225621.8381   6  20   0.0124   0.0201   0.0140  -0.0109   0.0142  -0.0078   0.00    0.0
2025/03/21 00:22:42.000  -2267045.2243   5006691.6048   3225621.8393   6  20   0.0108   0.0184   0.0145  -0.0098   0.0130  -0.0088   0.00    0.0
2025/03/21 00:22:43.000  -2267045.2262   5006691.6117   3225621.8405   6  20   0.0126   0.0176   0.0131  -0.0117   0.0123  -0.0070   0.00    0.0
2025/03/21 00:22:44.000  -2267045.2266   5006691.6123   3225621.8414   6  20   0.0129   0.0188   0.0121  -0.0126   0.0129  -0.0083   0.00    0.0
2025/03/21 00:22:45.000  -2267045.2261   5006691.6140   3225621.8417   6  20   0.0121   0.0193   0.0145  -0.0121   0.0138  -0.0095   0.00    0.0
2025/03/21 00:22:46.000  -2267045.2272   5006691.6135   3225621.8432   6  20   0.0131   0.0206   0.0134  -0.0111   0.0135  -0.0081   0.00    0.0
2025/03/21 00:22:47.000  -2267045.2228   5006691.6041   3225621.8382   6  20   0.0126   0.0187   0.0134  -0.0097   0.0132  -0.0080   0.00    0.0
2025/03/21 00:22:48.000  -2267045.2283   5006691.6174   3225621.8424   6  20   0.0132   0.0192   0.0145  -0.0117   0.0138  -0.0098   0.00    0.0
2025/03/21 00:22:49.000  -2267045.2230   5006691.6081   3225621.8430   6  20   0.0144   0.0190   0.0136  -0.0120   0.0128  -0.0088   0.00    0.0
2025/03/21 00:22:50.000  -2267045.2232   5006691.6018   3225621.8445   6  20   0.0122   0.0191   0.0136  -0.0117   0.0128  -0.0080   0.00    0.0
2025/03/21 00:22:51.000  -2267045.2196   5006691.6057   3225621.8463   6  20   0.0131   0.0205   0.0134  -0.0109   0.0136  -0.0083   0.00    0.0
2025/03/21 00:22:52.000  -2267045.2205   5006691.6091   3225621.8475   6  20   0.0114   0.0200   0.0142  -0.0110   0.0139  -0.0074   0.00    0.0
2025/03/21 00:22:53.000  -2267045.2223   5006691.6065   3225621.8411   6  20   0.0131   0.0190   0.0127  -0.0115   0.0133  -0.0088   0.00    0.0
2025/03/21 00:22:54.000  -2267045.2242   5006691.6080   3225621.8424   6  20   0.0130   0.0184   0.0126  -0.0106   0.0132  -0.0089   0.00    0.0
2025/03/21 00:22:55.000  -2267045.2278   5006691.6099   3225621.8434   6  20   0.0141   0.0186   0.0128  -0.0137   0.0141  -0.0109   0.00    0.0
2025/03/21 00:22:56.000  -2267045.2250   5006691.6033   3225621.8441   6  20   0.0132   0.0193   0.0142  -0.0116   0.0134  -0.0075   0.00    0.0
2025/03/21 00:22:57.000  -2267045.2193   5006691.5998   3225621.8477   6  20   0.0132   0.0197   0.0143  -0.0132   0.0141  -0.0089   0.00    0.0
2025/03/21 00:22:58.000  -2267045.2258   5006691.6126   3225621.8487   6  20   0.0108   0.0184   0.0137  -0.0095   0.0136  -0.0087   0.00    0.0
2025/03/21 00:22:59.000  -2267045.2228   5006691.6067   3225621.8467   6  20   0.0125   0.0201   0.0141  -0.0126   0.0130  -0.0086   0.00    0.0
2025/03/21 00:23:00.000  -2267045.2284   5006691.6117   3225621.8520   6  20   0.0134   0.0195   0.0134  -0.0121   0.0130  -0.0088   0.00    0.0
2025/03/21 00:23:01.000  -2267045.2314   5006691.6123   3225621.8512   6  20   0.0131   0.0190   0.0133  -0.0111   0.0134  -0.0079   0.00    0.0
2025/03/21 00:23:02.000  -2267045.2243   5006691.6111   3225621.8509   6  20   0.0132   0.0200   0.0128  -0.0116   0.0139  -0.0078   0.00    0.0
2025/03/21 00:23:03.000  -2267045.2286   5006691.6122   3225621.8488   6  20   0.0129   0.0193   0.0136  -0.0116   0.0136  -0.0078   0.00    0.0
2025/03/21 00:23:04.000  -2267045.2279   5006691.6151   3225621.8484   6  20   0.0121   0.0197   0.0135  -0.0119   0.0129  -0.0083   0.00    0.0
2025/03/21 00:23:05.000  -2267045.2265   5006691.6114   3225621.8518   6  20   0.0124   0.0192   0.0139  -0.0127   0.0137  -0.0087   0.00    0.0
2025/03/21 00:23:06.000  -2267045.2303   5006691.6179   3225621.8582   6  20   0.0125   0.0191   0.0144  -0.0107   0.0126  -0.0067   0.00    0.0
2025/03/21 00:23:07.000  -2267045.2278   5006691.6157   3225621.8568   6  20   0.0134   0.0193   0.0138  -0.0115   0.0145  -0.0093   0.00    0.0
2025/03/21 00:23:08.000  -2267045.2283   5006691.6135   3225621.8474   6  20   0.0129   0.0197   0.0144  -0.0133   0.0135  -0.0085   0.00    0.0
2025/03/21 00:23:09.000  -2267045.2267   5006691.6133   3225621.8557   6  20   0.0132   0.0191   0.0134  -0.0121   0.0122  -0.0072   0.00    0.0
2025/03/21 00:23:10.000  -2267045.2272   5006691.6116   3225621.8564   6  20   0.0124   0.0185   0.0136  -0.0134   0.0137  -0.0100   0.00    0.0
2025/03/21 00:23:11.000  -2267045.2322   5006691.6151   3225621.8591   6  20   0.0130   0.0182   0.0128  -0.0127   0.0129  -0.0082   0.00    0.0
2025/03/21 00:23:12.000  -2267045.2299   5006691.6149   3225621.8631   6  20   0.0132   0.0190   0.0132  -0.0115   0.0135  -0.0082   0.00    0.0
2025/03/21 00:23:13.000  -2267045.2282   5006691.6081   3225621.8610   6  20   0.0137   0.0202   0.0128  -0.0117   0.0130  -0.0084   0.00    0.0
2025/03/21 00:23:14.000  -2267045.2254   5006691.6089   3225621.8567   6  20   0.0115   0.0180   0.0138  -0.0105   0.0126  -0.0076   0.00    0.0
2025/03/21 00:23:15.000  -2267045.2331   5006691.6134   3225621.8647   6  20   0.0117   0.0186   0.0133  -0.0106   0.0133  -0.0089   0.00    0.0
2025/03/21 00:23:16.000  -2267045.2268   5006691.6073   3225621.8505   6  20   0.0119   0.0203   0.0141  -0.0112   0.0145  -0.0092   0.00    0.0
2025/03/21 00:23:17.000  -2267045.2281   5006691.6071   3225621.8605   6  20   0.0133   0.0199   0.0146  -0.0113   0.0139  -0.0099   0.00    0.0
2025/03/21 00:23:18.000  -2267045.2260   5006691.6081   3225621.8619   6  20   0.0130   0.0193   0.0136  -0.0112   0.0136  -0.0094   0.00    0.0
2025/03/21 00:23:19.000  -2267045.2317   5006691.6141   3225621.8617   6  20   0.0121   0.0187   0.0136  -0.0109   0.0133  -0.0084   0.00    0.0
2025/03/21 00:23:20.000  -2267045.2281   5006691.6110   3225621.8574   6  20   0.0134   0.0195   0.0134  -0.0124   0.0129  -0.0078   0.00    0.0
2025/03/21 00:23:21.000  -2267045.2299   5006691.6237   3225621.8638   6  20   0.0131   0.0188   0.0133  -0.0115   0.0116  -0.0067   0.00    0.0
2025/03/21 00:23:22.000  -2267045.2335   5006691.6193   3225621.8687   6  20   0.0142   0.0189   0.0143  -0.0105   0.0119  -0.0050   0.00    0.0
2025/03/21 00:23:23.000  -2267045.2315   5006691.6189   3225621.8624   6  20   0.0132   0.0203   0.0130  -0.0114   0.0136  -0.0076   0.00    0.0
2025/03/21 00:23:24.000  -2267045.2357   5006691.6234   3225621.8689   6  20   0.0128   0.0191   0.0136  -0.0122   0.0131  -0.0082   0.00    0.0
2025/03/21 00:23:25.000  -2267045.2290   5006691.6155   3225621.8569   6  20   0.0122   0.0191   0.0130  -0.0114   0.0140  -0.0082   0.00    0.0
2025/03/21 00:23:26.000  -2267045.2312   5006691.6183   3225621.8579   6  20   0.0117   0.0188   0.0128  -0.0103   0.0134  -0.0072   0.00    0.0
2025/03/21 00:23:27.000  -2267045.2305   5006691.6092   3225621.8543   6  20   0.0110   0.0176   0.0130  -0.0089   0.0125  -0.0083   0.00    0.0
2025/03/21 00:23:28.000  -2267045.2324   5006691.6175   3225621.8576   6  20   0.0123   0.0188   0.0139  -0.0125   0.0138  -0.0088   0.00    0.0
2025/03/21 00:23:29.000  -2267045.2300   5006691.6174   3225621.8573   6  20   0.0119   0.0194   0.0138  -0.0108   0.0137  -0.0091   0.00    0.0
2025/03/21 00:23:30.000  -2267045.2278   5006691.6127   3225621.8507   6  20   0.0129   0.0194   0.0148  -0.0118   0.0134  -0.0091   0.00    0.0
2025/03/21 00:23:31.000  -2267045.2318   5006691.6157   3225621.8582   6  20   0.0117   0.0198   0.0148  -0.0101   0.0144  -0.0096   0.00    0.0
2025/03/21 00:23:32.000  -2267045.2292   5006691.6159   3225621.8532   6  20   0.0124   0.0186   0.0135  -0.0117   0.0136  -0.0069   0.00    0.0
2025/03/21 00:23:33.000  -2267045.2330   5006691.6100   3225621.8504   6  20   0.0126   0.0186   0.0130  -0.0107   0.0119  -0.0057   0.00    0.0
2025/03/21 00:23:34.000  -2267045.2276   5006691.6126   3225621.8506   6  20   0.0121   0.0194   0.0128  -0.0100   0.0130  -0.0018   0.00    0.0
2025/03/21 00:23:35.000  -2267045.2334   5006691.6169   3225621.8543   6  20   0.0121   0.0187   0.0141  -0.0114   0.0135  -0.0070   0.00    0.0
2025/03/21 00:23:36.000  -2267045.2312   5006691.6154   3225621.8497   6  20   0.0123   0.0178   0.0129  -0.0121   0.0127  -0.0082   0.00    0.0
2025/03/21 00:23:37.000  -2267045.2287   5006691.6148   3225621.8615   6  20   0.0113   0.0183   0.0145  -0.0114   0.0126  -0.0078   0.00    0.0
2025/03/21 00:23:38.000  -2267045.2319   5006691.6190   3225621.8577   6  20   0.0115   0.0176   0.0138  -0.0105   0.0130  -0.0091   0.00    0.0
2025/03/21 00:23:39.000  -2267045.2358   5006691.6221   3225621.8580   6  20   0.0133   0.0199   0.0133  -0.0113   0.0135  -0.0093   0.00    0.0
2025/03/21 00:23:40.000  -2267045.2334   5006691.6111   3225621.8522   6  20   0.0129   0.0193   0.0140  -0.0117   0.0138  -0.0080   0.00    0.0
2025/03/21 00:23:41.000  -2267045.2316   5006691.6180   3225621.8548   6  20   0.0129   0.0202   0.0142  -0.0128   0.0134  -0.0091   0.00    0.0
2025/03/21 00:23:42.000  -2267045.2315   5006691.6161   3225621.8561   6  20   0.0136   0.0188   0.0136  -0.0115   0.0143  -0.0092   0.00    0.0
2025/03/21 00:23:43.000  -2267045.2349   5006691.6133   3225621.8509   6  20   0.0116   0.0194   0.0141  -0.0102   0.0128  -0.0074   0.00    0.0
2025/03/21 00:23:44.000  -2267045.2346   5006691.6146   3225621.8518   6  20   0.0132   0.0187   0.0145  -0.0115   0.0133  -0.0082   0.00    0.0
2025/03/21 00:23:45.000  -2267045.2317   5006691.6161   3225621.8517   6  20   0.0124   0.0184   0.0140  -0.0099   0.0127  -0.0073   0.00    0.0
2025/03/21 00:23:46.000  -2267045.2315   5006691.6145   3225621.8527   6  20   0.0130   0.0196   0.0139  -0.0111   0.0134  -0.0077   0.00    0.0
2025/03/21 00:23:47.000  -2267045.2308   5006691.6237   3225621.8531   6  20   0.0120   0.0188   0.0134  -0.0118   0.0133  -0.0085   0.00    0.0
2025/03/21 00:23:48.000  -2267045.2289   5006691.6196   3225621.8527   6  20   0.0128   0.0176   0.0132  -0.0108   0.0118  -0.0071   0.00    0.0
2025/03/21 00:23:49.000  -2267045.2327   5006691.6233   3225621.8544   6  20   0.0133   0.0186   0.0138  -0.0098   0.0123  -0.0066   0.00    0.0
2025/03/21 00:23:50.000  -2267045.2339   5006691.6217   3225621.8537   6  20   0.0134   0.0193   0.0139  -0.0115   0.0128  -0.0089   0.00    0.0
2025/03/21 00:23:51.000  -2267045.2345   5006691.6246   3225621.8577   6  20   0.0131   0.0195   0.0137  -0.0119   0.0139  -0.0079   0.00    0.0
2025/03/21 00:23:52.000  -2267045.2337   5006691.6246   3225621.8568   6  20   0.0116   0.0187   0.0139  -0.0110   0.0130  -0.0076   0.00    0.0
2025/03/21 00:23:53.000  -2267045.2350   5006691.6230   3225621.8584   6  20   0.0122   0.0185   0.0128  -0.0098   0.0119  -0.0080   0.00    0.0
2025/03/21 00:23:54.000  -2267045.2401   5006691.6271   3225621.8618   6  20   0.0116   0.0182   0.0134  -0.0105   0.0135  -0.0081   0.00    0.0
2025/03/21 00:23:55.000  -2267045.2337   5006691.6219   3225621.8545   6  20   0.0124   0.0184   0.0137  -0.0120   0.0138  -0.0096   0.00    0.0
2025/03/21 00:23:56.000  -2267045.2349   5006691.6231   3225621.8568   6  20   0.0128   0.0187   0.0141  -0.0112   0.0132  -0.0091   0.00    0.0
2025/03/21 00:23:57.000  -2267045.2347   5006691.6258   3225621.8567   6  20   0.0123   0.0198   0.0140  -0.0123   0.0144  -0.0080   0.00    0.0
2025/03/21 00:23:58.000  -2267045.2328   5006691.6202   3225621.8561   6  20   0.0117   0.0193   0.0123  -0.0109   0.0120  -0.0064   0.00    0.0
2025/03/21 00:23:59.000  -2267045.2372   5006691.6141   3225621.8522   6  20   0.0127   0.0186   0.0120  -0.0121   0.0115  -0.0072   0.00    0.0
2025/03/21 00:24:00.000  -2267045.2320   5006691.6243   3225621.8534   6  20   0.0120   0.0206   0.0121  -0.0118   0.0134  -0.0095   0.00    0.0
2025/03/21 00:24:01.000  -2267045.2372   5006691.6260   3225621.8597   6  20   0.0131   0.0187   0.0137  -0.0125   0.0136  -0.0087   0.00    0.0
2025/03/21 00:24:02.000  -2267045.2302   5006691.6222   3225621.8590   6  20   0.0131   0.0187   0.0127  -0.0119   0.0141  -0.0085   0.00    0.0
2025/03/21 00:24:03.000  -2267045.2377   5006691.6201   3225621.8552   6  20   0.0134   0.0199   0.0154  -0.0091   0.0144  -0.0072   0.00    0.0
2025/03/21 00:24:04.000  -2267045.2375   5006691.6309   3225621.8609   6  20   0.0117   0.0197   0.0133  -0.0121   0.0135  -0.0070   0.00    0.0
2025/03/21 00:24:05.000  -2267045.2398   5006691.6256   3225621.8578   6  20   0.0133   0.0204   0.0136  -0.0111   0.0142  -0.0095   0.00    0.0
2025/03/21 00:24:06.000  -2267045.2358   5006691.6314   3225621.8595   6  20   0.0133   0.0198   0.0150  -0.0119   0.0149  -0.0096   0.00    0.0
2025/03/21 00:24:07.000  -2267045.2450   5006691.6246   3225621.8572   6  20   0.0124   0.0189   0.0147  -0.0124   0.0138  -0.0097   0.00    0.0
2025/03/21 00:24:08.000  -2267045.2388   5006691.6307   3225621.8575   6  20   0.0112   0.0178   0.0132  -0.0118   0.0117  -0.0061   0.00    0.0
2025/03/21 00:24:09.000  -2267045.2392   5006691.6268   3225621.8577   6  20   0.0113   0.0186   0.0131  -0.0117   0.0125  -0.0079   0.00    0.0
2025/03/21 00:24:10.000  -2267045.2326   5006691.6332   3225621.8610   6  20   0.0120   0.0186   0.0128  -0.0099   0.0122  -0.0066   0.00    0.0
2025/03/21 00:24:11.000  -2267045.2387   5006691.6388   3225621.8638   6  20   0.0121   0.0179   0.0146  -0.0113   0.0145  -0.0078   0.00    0.0
2025/03/21 00:24:12.000  -2267045.2361   5006691.6326   3225621.8559   6  20   0.0129   0.0193   0.0154  -0.0113   0.0130  -0.0079   0.00    0.0
2025/03/21 00:24:13.000  -2267045.2414   5006691.6363   3225621.8590   6  20   0.0116   0.0181   0.0138  -0.0109   0.0140  -0.0081   0.00    0.0
2025/03/21 00:24:14.000  -2267045.2336   5006691.6298   3225621.8590   6  21   0.0133   0.0189   0.0157  -0.0118   0.0125  -0.0090   0.00    0.0
2025/03/21 00:24:15.000  -2267045.2382   5006691.6380   3225621.8623   6  21   0.0126   0.0169   0.0150  -0.0099   0.0140  -0.0089   0.00    0.0
2025/03/21 00:24:16.000  -2267045.2414   5006691.6360   3225621.8633   6  21   0.0131   0.0184   0.0138  -0.0112   0.0136  -0.0075   0.00    0.0
2025/03/21 00:24:17.000  -2267045.2400   5006691.6382   3225621.8632   6  21   0.0116   0.0162   0.0121  -0.0100   0.0114  -0.0072   0.00    0.0
2025/03/21 00:24:18.000  -2267045.2360   5006691.6299   3225621.8594   6  21   0.0129   0.0183   0.0136  -0.0109   0.0122  -0.0060   0.00    0.0
2025/03/21 00:24:19.000  -2267045.2394   5006691.6395   3225621.8605   6  20   0.0117   0.0188   0.0122  -0.0114   0.0115  -0.0076   0.00    0.0
2025/03/21 00:24:20.000  -2267045.2404   5006691.6371   3225621.8598   6  20   0.0124   0.0200   0.0147  -0.0111   0.0144  -0.0097   0.00    0.0
2025/03/21 00:24:21.000  -2267045.2374   5006691.6370   3225621.8644   6  20   0.0135   0.0181   0.0130  -0.0107   0.0139  -0.0096   0.00    0.0
2025/03/21 00:24:22.000  -2267045.2418   5006691.6436   3225621.8591   6  20   0.0129   0.0190   0.0118  -0.0111   0.0114  -0.0049   0.00    0.0
2025/03/21 00:24:23.000  -2267045.2430   5006691.6419   3225621.8658   6  20   0.0124   0.0199   0.0124  -0.0115   0.0138  -0.0083   0.00    0.0
2025/03/21 00:24:24.000  -2267045.2399   5006691.6390   3225621.8600   6  20   0.0127   0.0205   0.0152  -0.0124   0.0148  -0.0090   0.00    0.0
2025/03/21 00:24:25.000  -2267045.2421   5006691.6410   3225621.8629   6  20   0.0126   0.0193   0.0148  -0.0110   0.0154  -0.0088   0.00    0.0
2025/03/21 00:24:26.000  -2267045.2393   5006691.6345   3225621.8607   6  20   0.0130   0.0173   0.0132  -0.0125   0.0133  -0.0072   0.00    0.0
2025/03/21 00:24:27.000  -2267045.2403   5006691.6373   3225621.8600   6  20   0.0117   0.0185   0.0134  -0.0094   0.0139  -0.0086   0.00    0.0
2025/03/21 00:24:28.000  -2267045.2427   5006691.6430   3225621.8652   6  20   0.0128   0.0188   0.0128  -0.0112   0.0129  -0.0079   0.00    0.0
2025/03/21 00:24:29.000  -2267045.2406   5006691.6391   3225621.8586   6  20   0.0119   0.0178   0.0121  -0.0117   0.0124  -0.0087   0.00    0.0
2025/03/21 00:24:30.000  -2267045.2404   5006691.6358   3225621.8597   6  20   0.0121   0.0198   0.0131  -0.0115   0.0134  -0.0070   0.00    0.0
2025/03/21 00:24:31.000  -2267045.2395   5006691.6386   3225621.8576   6  20   0.0129   0.0190   0.0151  -0.0117   0.0139  -0.0098   0.00    0.0
2025/03/21 00:24:32.000  -2267045.2406   5006691.6340   3225621.8610   6  20   0.0136   0.0193   0.0151  -0.0119   0.0136  -0.0096   0.00    0.0
2025/03/21 00:24:33.000  -2267045.2440   5006691.6375   3225621.8624   6  20   0.0120   0.0179   0.0129  -0.0103   0.0129  -0.0068   0.00    0.0
2025/03/21 00:24:34.000  -2267045.2397   5006691.6381   3225621.8559   6  20   0.0119   0.0184   0.0157  -0.0110   0.0129  -0.0107   0.00    0.0
2025/03/21 00:24:35.000  -2267045.2415   5006691.6414   3225621.8604   6  20   0.0114   0.0173   0.0129  -0.0103   0.0116  -0.0077   0.00    0.0
2025/03/21 00:24:36.000  -2267045.2441   5006691.6491   3225621.8617   6  20   0.0122   0.0170   0.0123  -0.0095   0.0122  -0.0086   0.00    0.0
2025/03/21 00:24:37.000  -2267045.2423   5006691.6425   3225621.8585   6  20   0.0128   0.0191   0.0135  -0.0123   0.0145  -0.0104   0.00    0.0
2025/03/21 00:24:38.000  -2267045.2394   5006691.6312   3225621.8552   6  20   0.0110   0.0188   0.0126  -0.0105   0.0129  -0.0069   0.00    0.0
2025/03/21 00:24:39.000  -2267045.2384   5006691.6352   3225621.8560   6  20   0.0115   0.0186   0.0128  -0.0098   0.0125  -0.0058   0.00    0.0
2025/03/21 00:24:40.000  -2267045.2402   5006691.6315   3225621.8550   6  20   0.0117   0.0194   0.0115  -0.0123   0.0117  -0.0082   0.00    0.0
2025/03/21 00:24:41.000  -2267045.2359   5006691.6307   3225621.8559   6  20   0.0119   0.0183   0.0136  -0.0114   0.0123  -0.0088   0.00    0.0
2025/03/21 00:24:42.000  -2267045.2342   5006691.6350   3225621.8568   6  20   0.0123   0.0183   0.0127  -0.0108   0.0129  -0.0103   0.00    0.0
2025/03/21 00:24:43.000  -2267045.2371   5006691.6383   3225621.8594   6  20   0.0118   0.0184   0.0137  -0.0103   0.0131  -0.0083   0.00    0.0
2025/03/21 00:24:44.000  -2267045.2400   5006691.6354   3225621.8602   6  20   0.0121   0.0189   0.0142  -0.0105   0.0124  -0.0078   0.00    0.0
2025/03/21 00:24:45.000  -2267045.2360   5006691.6292   3225621.8571   6  20   0.0121   0.0190   0.0133  -0.0127   0.0140  -0.0095   0.00    0.0
2025/03/21 00:24:46.000  -2267045.2352   5006691.6373   3225621.8573   6  20   0.0124   0.0194   0.0123  -0.0111   0.0127  -0.0064   0.00    0.0
2025/03/21 00:24:47.000  -2267045.2322   5006691.6306   3225621.8588   6  20   0.0118   0.0192   0.0126  -0.0110   0.0134  -0.0034   0.00    0.0
2025/03/21 00:24:48.000  -2267045.2369   5006691.6369   3225621.8582   6  20   0.0096   0.0187   0.0114  -0.0108   0.0126  -0.0052   0.00    0.0
2025/03/21 00:24:49.000  -2267045.2329   5006691.6342   3225621.8544   6  20   0.0111   0.0185   0.0128  -0.0093   0.0124  -0.0065   0.00    0.0
2025/03/21 00:24:50.000  -2267045.2334   5006691.6377   3225621.8582   6  20   0.0127   0.0198   0.0145  -0.0123   0.0142  -0.0082   0.00    0.0
2025/03/21 00:24:51.000  -2267045.2370   5006691.6405   3225621.8627   6  20   0.0102   0.0174   0.0116  -0.0104   0.0131  -0.0076   0.00    0.0
2025/03/21 00:24:52.000  -2267045.2341   5006691.6369   3225621.8601   6  20   0.0116   0.0200   0.0152  -0.0112   0.0151  -0.0090   0.00    0.0
2025/03/21 00:24:53.000  -2267045.2362   5006691.6384   3225621.8674   6  20   0.0132   0.0190   0.0140  -0.0101   0.0139  -0.0075   0.00    0.0
2025/03/21 00:24:54.000  -2267045.2324   5006691.6387   3225621.8652   6  20   0.0127   0.0177   0.0161  -0.0114   0.0123  -0.0090   0.00    0.0
2025/03/21 00:24:55.000  -2267045.2298   5006691.6352   3225621.8647   6  20   0.0121   0.0190   0.0138  -0.0130   0.0128  -0.0080   0.00    0.0
2025/03/21 00:24:56.000  -2267045.2366   5006691.6388   3225621.8684   6  20   0.0140   0.0197   0.0155  -0.0130   0.0124  -0.0101   0.00    0.0
2025/03/21 00:24:57.000  -2267045.2325   5006691.6381   3225621.8666   6  20   0.0130   0.0201   0.0139  -0.0129   0.0133  -0.0093   0.00    0.0
2025/03/21 00:24:58.000  -2267045.2343   5006691.6440   3225621.8732   6  20   0.0122   0.0173   0.0144  -0.0094   0.0135  -0.0085   0.00    0.0
2025/03/21 00:24:59.000  -2267045.2290   5006691.6305   3225621.8651   6  20   0.0114   0.0188   0.0139  -0.0110   0.0127  -0.0095   0.00    0.0
2025/03/21 00:25:00.000  -2267045.2320   5006691.6399   3225621.8698   6  20   0.0118   0.0191   0.0120  -0.0105   0.0132  -0.0073   0.00    0.0
2025/03/21 00:25:01.000  -2267045.2365   5006691.6431   3225621.8731   6  20   0.0113   0.0180   0.0131  -0.0118   0.0131  -0.0095   0.00    0.0
2025/03/21 00:25:02.000  -2267045.2347   5006691.6391   3225621.8692   6  20   0.0113   0.0195   0.0141  -0.0094   0.0124  -0.0091   0.00    0.0
2025/03/21 00:25:03.000  -2267045.2395   5006691.6442   3225621.8714   6  20   0.0114   0.0181   0.0139  -0.0108   0.0119  -0.0069   0.00    0.0
2025/03/21 00:25:04.000  -2267045.2376   5006691.6400   3225621.8725   6  20   0.0120   0.0177   0.0126  -0.0112   0.0133  -0.0038   0.00    0.0
2025/03/21 00:25:05.000  -2267045.2352   5006691.6394   3225621.8710   6  20   0.0121   0.0192   0.0155  -0.0124   0.0131  -0.0085   0.00    0.0
2025/03/21 00:25:06.000  -2267045.2387   5006691.6388   3225621.8710   6  20   0.0121   0.0184   0.0133  -0.0115   0.0124  -0.0070   0.00    0.0
2025/03/21 00:25:07.000  -2267045.2353   5006691.6322   3225621.8650   6  20   0.0121   0.0181   0.0159  -0.0105   0.0129  -0.0098   0.00    0.0
2025/03/21 00:25:08.000  -2267045.2355   5006691.6377   3225621.8656   6  20   0.0117   0.0199   0.0126  -0.0123   0.0131  -0.0066   0.00    0.0
2025/03/21 00:25:09.000  -2267045.2417   5006691.6462   3225621.8727   6  20   0.0117   0.0197   0.0138  -0.0108   0.0137  -0.0061   0.00    0.0
2025/03/21 00:25:10.000  -2267045.2347   5006691.6424   3225621.8680   6  20   0.0124   0.0185   0.0148  -0.0124   0.0122  -0.0073   0.00    0.0
2025/03/21 00:25:11.000  -2267045.2408   5006691.6423   3225621.8671   6  20   0.0115   0.0197   0.0148  -0.0117   0.0140  -0.0094   0.00    0.0
2025/03/21 00:25:12.000  -2267045.2373   5006691.6439   3225621.8653   6  20   0.0116   0.0192   0.0152  -0.0105   0.0133  -0.0088   0.00    0.0
2025/03/21 00:25:13.000  -2267045.2385   5006691.6401   3225621.8703   6  20   0.0121   0.0173   0.0143  -0.0112   0.0134  -0.0067   0.00    0.0
2025/03/21 00:25:14.000  -2267045.2337   5006691.6339   3225621.8657   6  20   0.0119   0.0190   0.0136  -0.0117   0.0128  -0.0079   0.00    0.0
2025/03/21 00:25:15.000  -2267045.2347   5006691.6425   3225621.8682   6  20   0.0119   0.0182   0.0143  -0.0120   0.0131  -0.0083   0.00    0.0
2025/03/21 00:25:16.000  -2267045.2336   5006691.6373   3225621.8689   6  20   0.0138   0.0188   0.0150  -0.0125   0.0136  -0.0097   0.00    0.0
2025/03/21 00:25:17.000  -2267045.2327   5006691.6352   3225621.8671   6  20   0.0122   0.0202   0.0144  -0.0117   0.0145  -0.0086   0.00    0.0
2025/03/21 00:25:18.000  -2267045.2395   5006691.6421   3225621.8703   6  20   0.0124   0.0179   0.0139  -0.0110   0.0133  -0.0082   0.00    0.0
2025/03/21 00:25:19.000  -2267045.2379   5006691.6393   3225621.8688   6  20   0.0125   0.0174   0.0148  -0.0108   0.0145  -0.0094   0.00    0.0
2025/03/21 00:25:20.000  -2267045.2355   5006691.6333   3225621.8616   6  20   0.0133   0.0191   0.0159  -0.0117   0.0146  -0.0087   0.00    0.0
2025/03/21 00:25:21.000  -2267045.2379   5006691.6400   3225621.8671   6  20   0.0124   0.0190   0.0141  -0.0115   0.0124  -0.0059   0.00    0.0
2025/03/21 00:25:22.000  -2267045.2349   5006691.6381   3225621.8679   6  20   0.0118   0.0190   0.0136  -0.0111   0.0129  -0.0085   0.00    0.0
2025/03/21 00:25:23.000  -2267045.2357   5006691.6457   3225621.8671   6  20   0.0123   0.0175   0.0141  -0.0118   0.0125  -0.0093   0.00    0.0
2025/03/21 00:25:24.000  -2267045.2343   5006691.6376   3225621.8646   6  20   0.0117   0.0199   0.0152  -0.0112   0.0131  -0.0091   0.00    0.0
2025/03/21 00:25:25.000  -2267045.2403   5006691.6464   3225621.8717   6  20   0.0113   0.0196   0.0148  -0.0106   0.0146  -0.0062   0.00    0.0
2025/03/21 00:25:26.000  -2267045.2373   5006691.6420   3225621.8684   6  20   0.0116   0.0194   0.0133  -0.0117   0.0143  -0.0091   0.00    0.0
2025/03/21 00:25:27.000  -2267045.2387   5006691.6491   3225621.8774   6  20   0.0130   0.0200   0.0157  -0.0105   0.0140  -0.0118   0.00    0.0
2025/03/21 00:25:28.000  -2267045.2371   5006691.6463   3225621.8759   6  20   0.0129   0.0189   0.0136  -0.0117   0.0135  -0.0079   0.00    0.0
2025/03/21 00:25:29.000  -2267045.2373   5006691.6429   3225621.8748   6  20   0.0102   0.0192   0.0141  -0.0111   0.0130  -0.0065   0.00    0.0
2025/03/21 00:25:30.000  -2267045.2394   5006691.6452   3225621.8761   6  20   0.0124   0.0186   0.0135  -0.0109   0.0141  -0.0089   0.00    0.0
2025/03/21 00:25:31.000  -2267045.2351   5006691.6478   3225621.8755   6  20   0.0115   0.0179   0.0140  -0.0109   0.0128  -0.0092   0.00    0.0
2025/03/21 00:25:32.000  -2267045.2388   5006691.6513   3225621.8752   6  20   0.0114   0.0193   0.0142  -0.0106   0.0121  -0.0045   0.00    0.0
2025/03/21 00:25:33.000  -2267045.2377   5006691.6484   3225621.8745   6  20   0.0116   0.0185   0.0136  -0.0116   0.0139  -0.0109   0.00    0.0
2025/03/21 00:25:34.000  -2267045.2323   5006691.6468   3225621.8723   6  20   0.0120   0.0177   0.0137  -0.0101   0.0124  -0.0078   0.00    0.0
2025/03/21 00:25:35.000  -2267045.2388   5006691.6484   3225621.8708   6  20   0.0125   0.0166   0.0138  -0.0109   0.0121  -0.0107   0.00    0.0
2025/03/21 00:25:36.000  -2267045.2333   5006691.6460   3225621.8709   6  20   0.0126   0.0181   0.0126  -0.0117   0.0118  -0.0070   0.00    0.0
2025/03/21 00:25:37.000  -2267045.2364   5006691.6524   3225621.8726   6  20   0.0113   0.0185   0.0135  -0.0108   0.0136  -0.0105   0.00    0.0
2025/03/21 00:25:38.000  -2267045.2342   5006691.6474   3225621.8658   6  20   0.0113   0.0195   0.0142  -0.0123   0.0140  -0.0107   0.00    0.0
2025/03/21 00:25:39.000  -2267045.2355   5006691.6478   3225621.8667   6  20   0.0113   0.0189   0.0133  -0.0105   0.0137  -0.0072   0.00    0.0
2025/03/21 00:25:40.000  -2267045.2323   5006691.6436   3225621.8659   6  20   0.0132   0.0176   0.0143  -0.0109   0.0116  -0.0073   0.00    0.0
2025/03/21 00:25:41.000  -2267045.2331   5006691.6539   3225621.8664   6  20   0.0124   0.0199   0.0149  -0.0119   0.0133  -0.0098   0.00    0.0
2025/03/21 00:25:42.000  -2267045.2359   5006691.6503   3225621.8666   6  20   0.0128   0.0175   0.0126  -0.0122   0.0143  -0.0083   0.00    0.0
2025/03/21 00:25:43.000  -2267045.2371   5006691.6487   3225621.8641   6  20   0.0134   0.0189   0.0144  -0.0129   0.0134  -0.0083   0.00    0.0
2025/03/21 00:25:44.000  -2267045.2323   5006691.6453   3225621.8629   6  20   0.0126   0.0196   0.0131  -0.0110   0.0120  -0.0079   0.00    0.0
2025/03/21 00:25:45.000  -2267045.2328   5006691.6468   3225621.8633   6  20   0.0119   0.0179   0.0142  -0.0111   0.0121  -0.0069   0.00    0.0
2025/03/21 00:25:46.000  -2267045.2361   5006691.6477   3225621.8657   6  20   0.0116   0.0186   0.0115  -0.0108   0.0135  -0.0077   0.00    0.0
2025/03/21 00:25:47.000  -2267045.2378   5006691.6516   3225621.8632   6  20   0.0117   0.0186   0.0130  -0.0118   0.0128  -0.0085   0.00    0.0
2025/03/21 00:25:48.000  -2267045.2331   5006691.6561   3225621.8699   6  20   0.0121   0.0197   0.0118  -0.0122   0.0129  -0.0071   0.00    0.0
2025/03/21 00:25:49.000  -2267045.2312   5006691.6459   3225621.8660   6  20   0.0129   0.0186   0.0147  -0.0112   0.0129  -0.0085   0.00    0.0
2025/03/21 00:25:50.000  -2267045.2361   5006691.6517   3225621.8668   6  20   0.0125   0.0200   0.0153  -0.0117   0.0137  -0.0096   0.00    0.0
2025/03/21 00:25:51.000  -2267045.2338   5006691.6516   3225621.8718   6  20   0.0124   0.0189   0.0150  -0.0104   0.0140  -0.0075   0.00    0.0
2025/03/21 00:25:52.000  -2267045.2333   5006691.6493   3225621.8689   6  20   0.0122   0.0182   0.0139  -0.0110   0.0125  -0.0070   0.00    0.0
2025/03/21 00:25:53.000  -2267045.2313   5006691.6482   3225621.8686   6  20   0.0120   0.0184   0.0143  -0.0115   0.0137  -0.0085   0.00    0.0
2025/03/21 00:25:54.000  -2267045.2329   5006691.6481   3225621.8691   6  20   0.0121   0.0189   0.0110  -0.0117   0.0111  -0.0043   0.00    0.0
2025/03/21 00:25:55.000  -2267045.2292   5006691.6484   3225621.8736   6  20   0.0121   0.0194   0.0130  -0.0110   0.0134  -0.0082   0.00    0.0
2025/03/21 00:25:56.000  -2267045.2327   5006691.6482   3225621.8723   6  20   0.0128   0.0178   0.0131  -0.0112   0.0112  -0.0071   0.00    0.0
2025/03/21 00:25:57.000  -2267045.2363   5006691.6567   3225621.8726   6  20   0.0128   0.0201   0.0129  -0.0121   0.0141  -0.0072   0.00    0.0
2025/03/21 00:25:58.000  -2267045.2310   5006691.6498   3225621.8753   6  20   0.0109   0.0178   0.0128  -0.0115   0.0119  -0.0086   0.00    0.0
2025/03/21 00:25:59.000  -2267045.2307   5006691.6441   3225621.8743   6  20   0.0122   0.0181   0.0134  -0.0115   0.0123  -0.0072   0.00    0.0
2025/03/21 00:26:00.000  -2267045.2339   5006691.6471   3225621.8714   6  20   0.0120   0.0185   0.0164  -0.0116   0.0138  -0.0097   0.00    0.0
2025/03/21 00:26:01.000  -2267045.2359   5006691.6499   3225621.8774   6  20   0.0123   0.0186   0.0142  -0.0110   0.0136  -0.0092   0.00    0.0
2025/03/21 00:26:02.000  -2267045.2367   5006691.6441   3225621.8742   6  20   0.0116   0.0193   0.0143  -0.0103   0.0133  -0.0082   0.00    0.0
2025/03/21 00:26:03.000  -2267045.2366   5006691.6531   3225621.8790   6  20   0.0113   0.0190   0.0136  -0.0110   0.0119  -0.0052   0.00    0.0
2025/03/21 00:26:04.000  -2267045.2321   5006691.6493   3225621.8753   6  20   0.0128   0.0190   0.0136  -0.0118   0.0139  -0.0094   0.00    0.0
2025/03/21 00:26:05.000  -2267045.2319   5006691.6458   3225621.8711   6  20   0.0097   0.0182   0.0138  -0.0104   0.0111  -0.0061   0.00    0.0
2025/03/21 00:26:06.000  -2267045.2296   5006691.6446   3225621.8716   6  20   0.0127   0.0184   0.0147  -0.0138   0.0128  -0.0089   0.00    0.0
2025/03/21 00:26:07.000  -2267045.2338   5006691.6502   3225621.8791   6  20   0.0113   0.0169   0.0121  -0.0121   0.0112  -0.0066   0.00    0.0
2025/03/21 00:26:08.000  -2267045.2314   5006691.6464   3225621.8759   6  20   0.0122   0.0182   0.0144  -0.0104   0.0143  -0.0097   0.00    0.0
2025/03/21 00:26:09.000  -2267045.2358   5006691.6533   3225621.8782   6  20   0.0128   0.0192   0.0152  -0.0102   0.0136  -0.0081   0.00    0.0
2025/03/21 00:26:10.000  -2267045.2333   5006691.6540   3225621.8760   6  20   0.0126   0.0190   0.0130  -0.0113   0.0130  -0.0080   0.00    0.0
2025/03/21 00:26:11.000  -2267045.2362   5006691.6597   3225621.8823   6  20   0.0127   0.0179   0.0137  -0.0117   0.0125  -0.0075   0.00    0.0
2025/03/21 00:26:12.000  -2267045.2374   5006691.6571   3225621.8829   6  20   0.0137   0.0187   0.0149  -0.0118   0.0130  -0.0102   0.00    0.0
2025/03/21 00:26:13.000  -2267045.2371   5006691.6541   3225621.8782   6  20   0.0117   0.0178   0.0140  -0.0116   0.0123  -0.0100   0.00    0.0
2025/03/21 00:26:14.000  -2267045.2398   5006691.6539   3225621.8789   6  20   0.0120   0.0183   0.0145  -0.0110   0.0133  -0.0096   0.00    0.0
2025/03/21 00:26:15.000  -2267045.2378   5006691.6562   3225621.8827   6  20   0.0117   0.0175   0.0126  -0.0110   0.0121  -0.0052   0.00    0.0
2025/03/21 00:26:16.000  -2267045.2360   5006691.6545   3225621.8762   6  20   0.0120   0.0172   0.0131  -0.0121   0.0131  -0.0082   0.00    0.0
2025/03/21 00:26:17.000  -2267045.2403   5006691.6622   3225621.8800   6  20   0.0115   0.0183   0.0134  -0.0102   0.0130  -0.0049   0.00    0.0
2025/03/21 00:26:18.000  -2267045.2363   5006691.6539   3225621.8753   6  20   0.0115   0.0197   0.0134  -0.0106   0.0135  -0.0062   0.00    0.0
2025/03/21 00:26:19.000  -2267045.2380   5006691.6535   3225621.8745   6  20   0.0127   0.0197   0.0135  -0.0122   0.0137  -0.0086   0.00    0.0
2025/03/21 00:26:20.000  -2267045.2324   5006691.6537   3225621.8748   6  20   0.0125   0.0198   0.0152  -0.0120   0.0136  -0.0096   0.00    0.0
2025/03/21 00:26:21.000  -2267045.2380   5006691.6480   3225621.8790   6  20   0.0123   0.0195   0.0119  -0.0111   0.0132  -0.0095   0.00    0.0
2025/03/21 00:26:22.000  -2267045.2339   5006691.6506   3225621.8786   6  20   0.0122   0.0199   0.0131  -0.0115   0.0135  -0.0074   0.00    0.0
2025/03/21 00:26:23.000  -2267045.2355   5006691.6522   3225621.8791   6  20   0.0133   0.0194   0.0151  -0.0111   0.0148  -0.0086   0.00    0.0
2025/03/21 00:26:24.000  -2267045.2399   5006691.6645   3225621.8854   6  20   0.0121   0.0182   0.0142  -0.0085   0.0133  -0.0079   0.00    0.0
2025/03/21 00:26:25.000  -2267045.2405   5006691.6577   3225621.8827   6  20   0.0122   0.0188   0.0143  -0.0114   0.0142  -0.0094   0.00    0.0
2025/03/21 00:26:26.000  -2267045.2407   5006691.6543   3225621.8800   6  20   0.0118   0.0184   0.0116  -0.0112   0.0128  -0.0090   0.00    0.0
2025/03/21 00:26:27.000  -2267045.2397   5006691.6535   3225621.8828   6  20   0.0110   0.0184   0.0138  -0.0110   0.0113   0.0027   0.00    0.0
2025/03/21 00:26:28.000  -2267045.2417   5006691.6511   3225621.8796   6  20   0.0123   0.0178   0.0139  -0.0102   0.0124  -0.0053   0.00    0.0
2025/03/21 00:26:29.000  -2267045.2362   5006691.6508   3225621.8787   6  20   0.0132   0.0173   0.0141  -0.0101   0.0133  -0.0097   0.00    0.0
2025/03/21 00:26:30.000  -2267045.2410   5006691.6585   3225621.8873   6  20   0.0118   0.0186   0.0136  -0.0109   0.0123  -0.0069   0.00    0.0
2025/03/21 00:26:31.000  -2267045.2379   5006691.6530   3225621.8869   6  20   0.0105   0.0191   0.0134  -0.0096   0.0146  -0.0074   0.00    0.0
2025/03/21 00:26:32.000  -2267045.2433   5006691.6589   3225621.8922   6  20   0.0113   0.0171   0.0127  -0.0116   0.0119  -0.0062   0.00    0.0
2025/03/21 00:26:33.000  -2267045.2401   5006691.6545   3225621.8924   6  20   0.0119   0.0183   0.0132  -0.0097   0.0140  -0.0084   0.00    0.0
2025/03/21 00:26:34.000  -2267045.2462   5006691.6584   3225621.8902   6  20   0.0115   0.0204   0.0146  -0.0110   0.0138  -0.0085   0.00    0.0
2025/03/21 00:26:35.000  -2267045.2436   5006691.6534   3225621.8904   6  20   0.0123   0.0175   0.0127  -0.0114   0.0122  -0.0090   0.00    0.0
2025/03/21 00:26:36.000  -2267045.2405   5006691.6525   3225621.8919   6  20   0.0134   0.0168   0.0147  -0.0093   0.0129  -0.0082   0.00    0.0
2025/03/21 00:26:37.000  -2267045.2449   5006691.6551   3225621.8903   6  20   0.0121   0.0176   0.0129  -0.0109   0.0125  -0.0093   0.00    0.0
2025/03/21 00:26:38.000  -2267045.2438   5006691.6472   3225621.8855   6  20   0.0121   0.0186   0.0135  -0.0115   0.0129  -0.0064   0.00    0.0
2025/03/21 00:26:39.000  -2267045.2402   5006691.6410   3225621.8838   6  20   0.0103   0.0187   0.0133  -0.0112   0.0136  -0.0083   0.00    0.0
2025/03/21 00:26:40.000  -2267045.2410   5006691.6471   3225621.8870   6  20   0.0128   0.0179   0.0146  -0.0125   0.0136  -0.0113   0.00    0.0
2025/03/21 00:26:41.000  -2267045.2391   5006691.6462   3225621.8845   6  20   0.0117   0.0183   0.0152  -0.0088   0.0128  -0.0066   0.00    0.0
2025/03/21 00:26:42.000  -2267045.2396   5006691.6362   3225621.8845   6  20   0.0116   0.0177   0.0130  -0.0124   0.0120  -0.0082   0.00    0.0
2025/03/21 00:26:43.000  -2267045.2372   5006691.6382   3225621.8857   6  20   0.0108   0.0175   0.0128  -0.0097   0.0134  -0.0054   0.00    0.0
2025/03/21 00:26:44.000  -2267045.2393   5006691.6465   3225621.8759   6  20   0.0117   0.0193   0.0142  -0.0123   0.0134  -0.0088   0.00    0.0
2025/03/21 00:26:45.000  -2267045.2373   5006691.6377   3225621.8767   6  20   0.0109   0.0169   0.0144  -0.0104   0.0134  -0.0084   0.00    0.0
2025/03/21 00:26:46.000  -2267045.2359   5006691.6365   3225621.8783   6  20   0.0124   0.0202   0.0136  -0.0129   0.0156  -0.0114   0.00    0.0
2025/03/21 00:26:47.000  -2267045.2353   5006691.6328   3225621.8773   6  20   0.0107   0.0183   0.0120  -0.0104   0.0100  -0.0049   0.00    0.0
2025/03/21 00:26:48.000  -2267045.2370   5006691.6332   3225621.8780   6  20   0.0126   0.0174   0.0148  -0.0100   0.0127  -0.0097   0.00    0.0
2025/03/21 00:26:49.000  -2267045.2392   5006691.6387   3225621.8836   6  20   0.0125   0.0179   0.0126  -0.0097   0.0129  -0.0078   0.00    0.0
2025/03/21 00:26:50.000  -2267045.2374   5006691.6362   3225621.8759   6  20   0.0114   0.0171   0.0143  -0.0110   0.0125  -0.0100   0.00    0.0
2025/03/21 00:26:51.000  -2267045.2412   5006691.6361   3225621.8777   6  20   0.0126   0.0185   0.0125  -0.0106   0.0124  -0.0090   0.00    0.0
2025/03/21 00:26:52.000  -2267045.2422   5006691.6357   3225621.8759   6  20   0.0119   0.0184   0.0122  -0.0114   0.0127  -0.0090   0.00    0.0
2025/03/21 00:26:53.000  -2267045.2388   5006691.6391   3225621.8773   6  20   0.0107   0.0197   0.0131  -0.0111   0.0123  -0.0050   0.00    0.0
2025/03/21 00:26:54.000  -2267045.2415   5006691.6382   3225621.8753   6  20   0.0123   0.0167   0.0143  -0.0114   0.0143  -0.0102   0.00    0.0
2025/03/21 00:26:55.000  -2267045.2396   5006691.6364   3225621.8744   6  20   0.0120   0.0187   0.0147  -0.0106   0.0147  -0.0078   0.00    0.0
2025/03/21 00:26:56.000  -2267045.2400   5006691.6360   3225621.8723   6  20   0.0112   0.0180   0.0120  -0.0099   0.0109  -0.0044   0.00    0.0
2025/03/21 00:26:57.000  -2267045.2371   5006691.6325   3225621.8799   6  20   0.0116   0.0191   0.0141  -0.0116   0.0124  -0.0089   0.00    0.0
2025/03/21 00:26:58.000  -2267045.2380   5006691.6351   3225621.8757   6  20   0.0124   0.0192   0.0150  -0.0114   0.0145  -0.0094   0.00    0.0
2025/03/21 00:26:59.000  -2267045.2364   5006691.6308   3225621.8722   6  20   0.0132   0.0185   0.0154  -0.0123   0.0137  -0.0095   0.00    0.0
2025/03/21 00:27:00.000  -2267045.2410   5006691.6352   3225621.8792   6  20   0.0109   0.0184   0.0135  -0.0109   0.0124  -0.0088   0.00    0.0
2025/03/21 00:27:01.000  -2267045.2395   5006691.6303   3225621.8735   6  20   0.0123   0.0184   0.0149  -0.0120   0.0146  -0.0103   0.00    0.0
2025/03/21 00:27:02.000  -2267045.2377   5006691.6357   3225621.8744   6  20   0.0129   0.0184   0.0123  -0.0104   0.0115   0.0024   0.00    0.0
2025/03/21 00:27:03.000  -2267045.2379   5006691.6372   3225621.8774   6  20   0.0105   0.0183   0.0136  -0.0110   0.0116  -0.0046   0.00    0.0
2025/03/21 00:27:04.000  -2267045.2380   5006691.6402   3225621.8799   6  20   0.0112   0.0191   0.0140  -0.0109   0.0137  -0.0065   0.00    0.0
2025/03/21 00:27:05.000  -2267045.2427   5006691.6396   3225621.8791   6  20   0.0123   0.0179   0.0141  -0.0118   0.0129  -0.0082   0.00    0.0
2025/03/21 00:27:06.000  -2267045.2373   5006691.6375   3225621.8772   6  20   0.0127   0.0190   0.0132  -0.0094   0.0138  -0.0066   0.00    0.0
2025/03/21 00:27:07.000  -2267045.2400   5006691.6412   3225621.8798   6  20   0.0125   0.0166   0.0150  -0.0118   0.0115  -0.0101   0.00    0.0
2025/03/21 00:27:08.000  -2267045.2412   5006691.6438   3225621.8775   6  20   0.0120   0.0186   0.0138  -0.0118   0.0141  -0.0082   0.00    0.0
2025/03/21 00:27:09.000  -2267045.2439   5006691.6474   3225621.8821   6  20   0.0126   0.0191   0.0112  -0.0121   0.0131  -0.0072   0.00    0.0
2025/03/21 00:27:10.000  -2267045.2351   5006691.6324   3225621.8708   6  20   0.0113   0.0179   0.0145  -0.0104   0.0121  -0.0092   0.00    0.0
2025/03/21 00:27:11.000  -2267045.2343   5006691.6322   3225621.8714   6  20   0.0106   0.0186   0.0125  -0.0110   0.0112  -0.0087   0.00    0.0
2025/03/21 00:27:12.000  -2267045.2395   5006691.6319   3225621.8736   6  20   0.0105   0.0185   0.0135  -0.0114   0.0125  -0.0095   0.00    0.0
2025/03/21 00:27:13.000  -2267045.2361   5006691.6342   3225621.8760   6  21   0.0117   0.0184   0.0135  -0.0126   0.0122  -0.0071   0.00    0.0
2025/03/21 00:27:14.000  -2267045.2393   5006691.6471   3225621.8790   6  21   0.0118   0.0166   0.0130  -0.0108   0.0119  -0.0076   0.00    0.0
2025/03/21 00:27:15.000  -2267045.2382   5006691.6395   3225621.8811   6  21   0.0119   0.0191   0.0138  -0.0112   0.0141  -0.0090   0.00    0.0
2025/03/21 00:27:16.000  -2267045.2384   5006691.6428   3225621.8794   6  21   0.0113   0.0190   0.0143  -0.0115   0.0129  -0.0069   0.00    0.0
2025/03/21 00:27:17.000  -2267045.2396   5006691.6414   3225621.8756   6  21   0.0128   0.0162   0.0136  -0.0102   0.0131  -0.0093   0.00    0.0
2025/03/21 00:27:18.000  -2267045.2391   5006691.6391   3225621.8752   6  21   0.0119   0.0170   0.0140  -0.0107   0.0119  -0.0071   0.00    0.0
2025/03/21 00:27:19.000  -2267045.2385   5006691.6368   3225621.8732   6  21   0.0116   0.0186   0.0141  -0.0109   0.0130  -0.0081   0.00    0.0
2025/03/21 00:27:20.000  -2267045.2361   5006691.6441   3225621.8757   6  21   0.0114   0.0180   0.0130  -0.0090   0.0132  -0.0078   0.00    0.0
2025/03/21 00:27:21.000  -2267045.2420   5006691.6414   3225621.8753   6  21   0.0116   0.0175   0.0128  -0.0096   0.0116  -0.0044   0.00    0.0
2025/03/21 00:27:22.000  -2267045.2397   5006691.6420   3225621.8703   6  21   0.0122   0.0182   0.0119  -0.0110   0.0132  -0.0073   0.00    0.0
2025/03/21 00:27:23.000  -2267045.2397   5006691.6401   3225621.8725   6  21   0.0107   0.0188   0.0136  -0.0098   0.0130  -0.0052   0.00    0.0
2025/03/21 00:27:24.000  -2267045.2392   5006691.6393   3225621.8691   6  21   0.0102   0.0167   0.0125  -0.0093   0.0132  -0.0068   0.00    0.0
